作品ID,作品名,作品名読み,ソート用読み,副題,副題読み,原題,初出,分類番号,文字遣い種別,作品著作権フラグ,公開日,最終更新日,図書カードURL,人物ID,姓,名,姓読み,名読み,姓読みソート用,名読みソート用,姓ローマ字,名ローマ字,役割フラグ,生年月日,没年月日,人物著作権フラグ,底本名1,底本出版社名1,底本初版発行年1,入力に使用した版1,校正に使用した版1,底本の親本名1,底本の親本出版社名1,底本の親本初版発行年1,底本名2,底本出版社名2,底本初版発行年2,入力に使用した版2,校正に使用した版2,底本の親本名2,底本の親本出版社名2,底本の親本初版発行年2,入力者,校正者,テキストファイルURL,テキストファイル最終更新日,テキストファイル符号化方式,テキストファイル文字集合,テキストファイル修正回数,XHTML/HTMLファイルURL,XHTML/HTMLファイル最終更新日,XHTML/HTMLファイル符号化方式,XHTML/HTMLファイル文字集合,XHTML/HTMLファイル修正回数
000900,野性のセロリ,やせいのセロリ,やせいのせろり,,,,,NDC 911,新字新仮名,あり,1998-02-26,2014-09-17,https://www.aozora.gr.jp/cards/000330/card900.html,000330,青木,栄瞳,あおき,えいめ,あおき,えいめ,Aoki,Eime,著者,,,あり,生原稿,,,,,,,,,,,,,,,,長尾高弘,,,,,,,http://www.longtail.co.jp/eime/,1998-02-26,ShiftJIS,JIS X 0208,0
000739,シャドウ・ワーク,シャドウ・ワーク,しやとうわあく,,,,,NDC 913,新字新仮名,あり,2000-02-22,2014-09-17,https://www.aozora.gr.jp/cards/000139/card739.html,000139,朝倉,克彦,あさくら,かつひこ,あさくら,かつひこ,Asakura,Katsuhiko,著者,,,あり,,,,,,,,,,,,,,,,,朝倉克彦,,,,,,,http://www.eurus.dti.ne.jp/~pathos/sub11.html,2000-02-22,ShiftJIS,JIS X 0208,0
002247,マッチ売りの少女,マッチうりのしょうじょ,まつちうりのしようしよ,,,The Little Match Girl,,NDC K949,新字新仮名,あり,2000-11-02,2014-09-17,https://www.aozora.gr.jp/cards/000019/card2247.html,000019,アンデルセン,ハンス・クリスチャン,アンデルセン,ハンス・クリスチャン,あんてるせん,はんすくりすちやん,Andersen,Hans Christian,著者,1805-04-02,1875-08-04,なし,,,,,,,,,,,,,,,,,結城浩,,,,,,,http://www.hyuki.com/trans/match.html,2000-11-02,ShiftJIS,JIS X 0208,0
055606,心を養う,こころをやしなう,こころをやしなう,,,,,NDC 934,新字新仮名,あり,2012-09-29,2015-09-21,https://www.aozora.gr.jp/cards/001393/card55606.html,001734,石波,杏,いしなみ,きょう,いしなみ,きよう,Ishinami,Kyo,翻訳者,1982,,あり,,,,,,,,,,,,,,,,,石波杏,,http://www13.plala.or.jp/nami/feeding.zip,2012-09-29,ShiftJIS,JIS X 0208,1,http://www13.plala.or.jp/nami/feeding.html,2012-09-29,ShiftJIS,JIS X 0208,1
001015,先生まるちょうだい,せんせいまるちょうだい,せんせいまるちようたい,,,,,NDC 376 916,新字新仮名,あり,1998-10-23,2014-09-17,https://www.aozora.gr.jp/cards/000200/card1015.html,000200,岩本,良子,いわもと,りょうこ,いわもと,りようこ,Iwamoto,Ryoko,著者,,,あり,,,,,,,,,,,,,,,,,岩本良子,,,,,,,http://www005.upp.so-net.ne.jp/sensei-maru/sensei.html,2004-08-30,ShiftJIS,JIS X 0208,2
061551,官僚は減るべし、役人は増えるべし,かんりょうはへるべし、やくにんはふえるべし,かんりようはへるへしやくにんはふえるへし,,,官吏は減るべく役人は増すべきの説,「世益雑誌　三号」1880（明治13）年10月24日,NDC 317,新字新仮名,あり,2022-07-15,2022-06-25,https://www.aozora.gr.jp/cards/002225/card61551.html,002225,植木,枝盛,うえき,えもり,うえき,えもり,Ueki,Emori,著者,1857-02-14,1892-01-23,なし,植木枝盛集〈第三巻〉,岩波書店,1990（平成2）年5月28日,1990（平成2）年5月28日第1刷,,,,,,,,,,,,,山本泰弘,,,,,,,http://minken.party/2019/03/09/yakunin/,2022-04-20,UTF-8,Unicode,0
061392,東洋大日本国国憲案（日本国国憲案）,とうようだいにほんこくこっけんあん（にほんこくこっけんあん）,とうようたいにほんこくこつけんあんにほんこくこつけんあん,,,東洋大日本国国憲案（日本国国憲案）,,NDC 323,新字新仮名,あり,2022-05-03,2022-04-26,https://www.aozora.gr.jp/cards/002225/card61392.html,002225,植木,枝盛,うえき,えもり,うえき,えもり,Ueki,Emori,著者,1857-02-14,1892-01-23,なし,植木枝盛集　第六巻,岩波書店,1991（平成3）年3月28日,1991（平成3）年3月28日第1刷,,,,,,,,,,,,,山本泰弘,,,,,,,http://minken.party/2017/04/27/remaster01/,2022-02-08,UTF-8,Unicode,0
061293,人をサル化する政府,ひとをサルかするせいふ,ひとをさるかするせいふ,,,猿人君主（猿人政府）,「郵便報知新聞」1876（明治9）年2月15日,NDC 312,新字新仮名,あり,2022-01-23,2021-12-26,https://www.aozora.gr.jp/cards/002225/card61293.html,002225,植木,枝盛,うえき,えもり,うえき,えもり,Ueki,Emori,著者,1857-02-14,1892-01-23,なし,植木枝盛集〈第三巻〉,岩波書店,1990（平成2）年5月28日,1990（平成2）年5月28日第1刷,,,,,,,,,,,,,山本泰弘,,,,,,,http://minken.party/2019/01/20/saru/,2021-12-01,UTF-8,Unicode,0
003308,雨のボレックス,あめのボレックス,あめのほれつくす,,,,,NDC 913,新字新仮名,あり,2001-05-22,2014-09-17,https://www.aozora.gr.jp/cards/000032/card3308.html,000032,植松,真人,うえまつ,まさと,うえまつ,まさと,Uematsu,Masato,著者,,,あり,,,,,,,,,,,,,,,,,植松眞人,,http://www.vesta.dti.ne.jp/~isana/aozora/bolex/bolex.zip,2003-03-30,ShiftJIS,JIS X 0208,0,http://www.vesta.dti.ne.jp/~isana/aozora/bolex/index.html,2003-03-30,ShiftJIS,JIS X 0208,0
004260,アメリカ人になりたい。,アメリカじんになりたい。,あめりかしんになりたい,続・神さんが降りてきた。,ぞく・かみさんがおりてきた。,,,NDC 913,新字新仮名,あり,2000-12-09,2014-09-17,https://www.aozora.gr.jp/cards/000032/card4260.html,000032,植松,真人,うえまつ,まさと,うえまつ,まさと,Uematsu,Masato,著者,,,あり,,,,,,,,,,,,,,,,,植松眞人,,http://www.vesta.dti.ne.jp/~isana/aozora/amerikajin/amerikajin.zip,2003-03-30,ShiftJIS,JIS X 0208,0,http://www.vesta.dti.ne.jp/~isana/aozora/amerikajin/amerikajin.html,2003-03-30,ShiftJIS,JIS X 0208,0
002604,逢瀬までの。,おうせまでの。,おうせまての,,,,,NDC 913,新字新仮名,あり,2001-01-12,2014-09-17,https://www.aozora.gr.jp/cards/000032/card2604.html,000032,植松,真人,うえまつ,まさと,うえまつ,まさと,Uematsu,Masato,著者,,,あり,,,,,,,,,,,,,,,,,植松眞人,,http://www.vesta.dti.ne.jp/~isana/aozora/ousemadenno/ousemadeno.zip,2003-03-30,ShiftJIS,JIS X 0208,0,http://www.vesta.dti.ne.jp/~isana/aozora/ousemadenno/ousemadeno.html,2003-03-30,ShiftJIS,JIS X 0208,0
002404,神楽坂奇譚,かぐらざかきたん,かくらさかきたん,,,,,NDC 913,新字新仮名,あり,2000-11-18,2014-09-17,https://www.aozora.gr.jp/cards/000032/card2404.html,000032,植松,真人,うえまつ,まさと,うえまつ,まさと,Uematsu,Masato,著者,,,あり,,,,,,,,,,,,,,,,,植松眞人,,http://www.vesta.dti.ne.jp/~isana/aozora/kagurazaka/kagurazaka.zip,2003-03-30,ShiftJIS,JIS X 0208,0,http://www.vesta.dti.ne.jp/~isana/aozora/kagurazaka/kagurazaka.html,2003-03-30,ShiftJIS,JIS X 0208,0
000434,神さんが降りてきた。,かみさんがおりてきた。,かみさんかおりてきた,,,,,NDC 913,新字新仮名,あり,1999-07-16,2014-09-17,https://www.aozora.gr.jp/cards/000032/card434.html,000032,植松,真人,うえまつ,まさと,うえまつ,まさと,Uematsu,Masato,著者,,,あり,,,,,,,,,,,,,,,,,植松眞人,,http://www.vesta.dti.ne.jp/~isana/aozora/kamisan/kamisan.zip,2003-03-30,ShiftJIS,JIS X 0208,0,http://www.vesta.dti.ne.jp/~isana/aozora/kamisan/kamisan.html,2003-03-30,ShiftJIS,JIS X 0208,0
000230,コーヒーメーカー,コーヒーメーカー,こおひいめえかあ,,,,,NDC 913,新字新仮名,あり,1998-05-09,2014-09-17,https://www.aozora.gr.jp/cards/000032/card230.html,000032,植松,真人,うえまつ,まさと,うえまつ,まさと,Uematsu,Masato,著者,,,あり,,,,,,,,,,,,,,,,,植松眞人,,http://www.vesta.dti.ne.jp/~isana/aozora/coffee/coffee.zip,2003-03-30,ShiftJIS,JIS X 0208,0,http://www.vesta.dti.ne.jp/~isana/aozora/coffee/coffeemaker.html,2003-03-30,ShiftJIS,JIS X 0208,0
018344,自動車の名前。,じどうしゃのなまえ。,しとうしやのなまえ,,,,,NDC 913,新字新仮名,あり,2003-04-16,2014-09-17,https://www.aozora.gr.jp/cards/000032/card18344.html,000032,植松,真人,うえまつ,まさと,うえまつ,まさと,Uematsu,Masato,著者,,,あり,,,,,,,,,,,,,,,,,植松眞人,,http://www.vesta.dti.ne.jp/~isana/aozora/jidousya/jidousya.zip,2003-03-31,ShiftJIS,JIS X 0208,0,http://www.vesta.dti.ne.jp/~isana/aozora/jidousya/jidousya.html,2003-03-31,ShiftJIS,JIS X 0208,0
018345,主よ、人の望みの喜びよ,しゅよ、ひとののぞみのよろこびよ,しゆよひとののそみのよろこひよ,,,,,NDC 913,新字新仮名,あり,2003-04-16,2014-09-17,https://www.aozora.gr.jp/cards/000032/card18345.html,000032,植松,真人,うえまつ,まさと,うえまつ,まさと,Uematsu,Masato,著者,,,あり,,,,,,,,,,,,,,,,,植松眞人,,http://www.vesta.dti.ne.jp/~isana/aozora/syuyo/syuyo.zip,2003-03-31,ShiftJIS,JIS X 0208,0,http://www.vesta.dti.ne.jp/~isana/aozora/syuyo/syuyo.html,2003-03-31,ShiftJIS,JIS X 0208,0
000742,新世界交響曲,しんせかいこうきょうきょく,しんせかいこうきようきよく,,,,,NDC 913,新字新仮名,あり,1998-05-09,2014-09-17,https://www.aozora.gr.jp/cards/000032/card742.html,000032,植松,真人,うえまつ,まさと,うえまつ,まさと,Uematsu,Masato,著者,,,あり,,,,,,,,,,,,,,,,,植松眞人,,http://www.vesta.dti.ne.jp/~isana/aozora/newworld/newworld.zip,2003-03-30,ShiftJIS,JIS X 0208,0,http://www.vesta.dti.ne.jp/~isana/aozora/newworld/newworld.html,2003-03-30,ShiftJIS,JIS X 0208,0
043709,高橋の話。,たかはしのはなし。,たかはしのはなし,,,,,NDC 913,新字新仮名,あり,2004-12-14,2014-09-18,https://www.aozora.gr.jp/cards/000032/card43709.html,000032,植松,真人,うえまつ,まさと,うえまつ,まさと,Uematsu,Masato,著者,,,あり,,,,,,,,,,,,,,,,,植松眞人,,http://www.vesta.dti.ne.jp/~isana/aozora/takahashi/takahashi.zip,2004-11-21,ShiftJIS,JIS X 0208,0,http://www.vesta.dti.ne.jp/~isana/aozora/takahashi/takahashi.html,2004-11-21,ShiftJIS,JIS X 0208,0
018343,マギーさんのオムレツ。,マギーさんのオムレツ。,まきいさんのおむれつ,神さんが降りてきた。其の三。,かみさんがおりてきた。そのさん。,,,NDC 913,新字新仮名,あり,2003-04-16,2014-09-17,https://www.aozora.gr.jp/cards/000032/card18343.html,000032,植松,真人,うえまつ,まさと,うえまつ,まさと,Uematsu,Masato,著者,,,あり,,,,,,,,,,,,,,,,,植松眞人,,http://www.vesta.dti.ne.jp/~isana/aozora/omuretu/omuretu.zip,2003-03-31,ShiftJIS,JIS X 0208,0,http://www.vesta.dti.ne.jp/~isana/aozora/omuretu/omuretu.html,2003-03-31,ShiftJIS,JIS X 0208,0
000944,ザディッグ　又は　宿命,ザディッグ　または　しゅくめい,さていつくまたはしゆくめい,,,,,NDC 953,新字新仮名,あり,1998-08-06,2014-09-17,https://www.aozora.gr.jp/cards/000180/card944.html,000180,ヴォルテール,,ヴォルテール,,うおるてえる,,Voltaire,,著者,1694,1778,なし,,,,,,,,,,,,,,,,,能美武功,,http://www.01.246.ne.jp/~tnoumi/noumi1/etc.html,1998-08-06,ShiftJIS,JIS X 0208,0,http://www.01.246.ne.jp/~tnoumi/noumi1/etc.html,1998-08-06,ShiftJIS,JIS X 0208,0
052676,ハイデガー博士の実験,ハイデガーはかせのじっけん,はいてかあはかせのしつけん,,,DR.HEIDEGGER'S EXPERIMENT,,NDC 933,新字新仮名,あり,2011-03-07,2021-10-22,https://www.aozora.gr.jp/cards/000905/card52676.html,001329,ウォルトン,みちよ,ウォルトン,みちよ,うおるとん,みちよ,Walton,Michiyo,翻訳者,,,あり,,,,,,,,,,,,,,,,,,,,,,,,http://literature.hanagasumi.net/DRHEIDEGGERSEXPERIMENTJP.html,2021-10-22,UTF-8,Unicode,1
048219,ヤング　グッドマン　ブラウン,ヤング　グッドマン　ブラウン,やんくくつとまんふらうん,,,YOUNG GOODMAN BROWN,「New England Magazine」1835年4月,NDC 933,新字新仮名,あり,2008-03-18,2021-10-22,https://www.aozora.gr.jp/cards/000905/card48219.html,001329,ウォルトン,みちよ,ウォルトン,みちよ,うおるとん,みちよ,Walton,Michiyo,翻訳者,,,あり,,,,,,,,,,,,,,,,,,,,,,,,http://literature.hanagasumi.net/YoungGoodmanBrownJP.html,2021-10-22,UTF-8,Unicode,3
054924,あップルパイを,あップルパイを,あつふるはいを,,,A APPLE PIE,,NDC K726,新字新仮名,あり,2012-04-12,2022-04-21,https://www.aozora.gr.jp/cards/001686/card54924.html,000010,大久保,ゆう,おおくぼ,ゆう,おおくほ,ゆう,Okubo,Yu,翻訳者,1982,,あり,,,,,,,,,,,,,,,,,大久保ゆう,,https://www.aozora.gr.jp/cards/001686/files/54924_txt_47244.zip,2014-04-03,ShiftJIS,JIS X 0208,1,https://puboo.jp/book/35337,2022-04-21,UTF-8,Unicode,1
055880,アリスの地底めぐり,アリスのちていめぐり,ありすのちていめくり,,,ALICE'S ADVENTURES UNDER GROUND,,NDC K933,新字新仮名,あり,2013-02-02,2022-04-21,https://www.aozora.gr.jp/cards/001393/card55880.html,000010,大久保,ゆう,おおくぼ,ゆう,おおくほ,ゆう,Okubo,Yu,翻訳者,1982,,あり,,,,,,,,,,,,,,,,,大久保ゆう,,https://www.aozora.gr.jp/cards/001393/files/55880_ruby_50041.zip,2015-06-19,ShiftJIS,JIS X 0208,3,https://puboo.jp/book/61968,2022-04-21,UTF-8,Unicode,1
054926,えほんのアリス,えほんのアリス,えほんのありす,,,"THE NURSERY ""ALICE""",,NDC K726,新字新仮名,あり,2012-04-17,2022-04-21,https://www.aozora.gr.jp/cards/001393/card54926.html,000010,大久保,ゆう,おおくぼ,ゆう,おおくほ,ゆう,Okubo,Yu,翻訳者,1982,,あり,,,,,,,,,,,,,,,,,大久保ゆう,,https://www.aozora.gr.jp/cards/001393/files/54926_txt_47247.zip,2014-04-03,ShiftJIS,JIS X 0208,1,https://puboo.jp/book/34356,2022-04-21,UTF-8,Unicode,1
054921,おねずみおばさんのはなし,おねずみおばさんのはなし,おねすみおはさんのはなし,,,THE TALE OF MRS. TITTLEMOUSE,,NDC K726,新字新仮名,あり,2012-04-09,2022-04-21,https://www.aozora.gr.jp/cards/001505/card54921.html,000010,大久保,ゆう,おおくぼ,ゆう,おおくほ,ゆう,Okubo,Yu,翻訳者,1982,,あり,,,,,,,,,,,,,,,,,大久保ゆう,,https://www.aozora.gr.jp/cards/001505/files/54921_txt_47238.zip,2014-04-03,ShiftJIS,JIS X 0208,2,https://puboo.jp/book/34442,2022-04-21,UTF-8,Unicode,1
055346,おひさまのたまご,おひさまのたまご,おひさまのたまこ,,,,,NDC K726,新字新仮名,あり,2012-08-07,2014-09-16,https://www.aozora.gr.jp/cards/001728/card55346.html,000010,大久保,ゆう,おおくぼ,ゆう,おおくほ,ゆう,Okubo,Yu,翻訳者,1982,,あり,,,,,,,,,,,,,,,,,大久保ゆう,,https://www.aozora.gr.jp/cards/001728/files/55346_txt_53428.zip,2014-05-03,ShiftJIS,JIS X 0208,0,http://www.alz.jp/221b/aozora/solagget.html,2012-07-08,ShiftJIS,JIS X 0208,0
054928,サンタクロースがやってきた,サンタクロースがやってきた,さんたくろおすかやつてきた,,,ACCOUNT OF VISIT FROM ST. NICHOLAS,,NDC K726,新字新仮名,あり,2012-04-25,2022-04-21,https://www.aozora.gr.jp/cards/001688/card54928.html,000010,大久保,ゆう,おおくぼ,ゆう,おおくほ,ゆう,Okubo,Yu,翻訳者,1982,,あり,,,,,,,,,,,,,,,,,大久保ゆう,,https://www.aozora.gr.jp/cards/001688/files/54928_txt_53429.zip,2014-05-03,ShiftJIS,JIS X 0208,0,https://puboo.jp/book/39346,2022-04-21,UTF-8,Unicode,1
055890,ジンジャー＆ピクルスのはなし,ジンジャーアンドピクルスのはなし,しんしやああんとひくるすのはなし,,,THE TALE OF GINGER AND PICKLES,,NDC K726,新字新仮名,あり,2013-02-02,2022-04-21,https://www.aozora.gr.jp/cards/001505/card55890.html,000010,大久保,ゆう,おおくぼ,ゆう,おおくほ,ゆう,Okubo,Yu,翻訳者,1982,,あり,,,,,,,,,,,,,,,,,大久保ゆう,,https://www.aozora.gr.jp/cards/001505/files/55890_txt_50051.zip,2014-04-03,ShiftJIS,JIS X 0208,1,https://puboo.jp/book/61967,2022-04-21,UTF-8,Unicode,1
054916,チギウィンクルおばさんのはなし,チギウィンクルおばさんのはなし,ちきういんくるおはさんのはなし,,,THE TALE OF MRS. TIGGY-WINKLE,,NDC K726,新字新仮名,あり,2012-04-09,2022-04-21,https://www.aozora.gr.jp/cards/001505/card54916.html,000010,大久保,ゆう,おおくぼ,ゆう,おおくほ,ゆう,Okubo,Yu,翻訳者,1982,,あり,,,,,,,,,,,,,,,,,大久保ゆう,,https://www.aozora.gr.jp/cards/001505/files/54916_txt_47230.zip,2014-04-03,ShiftJIS,JIS X 0208,1,https://puboo.jp/book/32823,2022-04-21,UTF-8,Unicode,1
054922,つまさきチミーのはなし,つまさきチミーのはなし,つまさきちみいのはなし,,,THE TALE OF TIMMY TIPTOES,,NDC K726,新字新仮名,あり,2012-04-09,2022-04-21,https://www.aozora.gr.jp/cards/001505/card54922.html,000010,大久保,ゆう,おおくぼ,ゆう,おおくほ,ゆう,Okubo,Yu,翻訳者,1982,,あり,,,,,,,,,,,,,,,,,大久保ゆう,,https://www.aozora.gr.jp/cards/001505/files/54922_txt_47240.zip,2014-04-03,ShiftJIS,JIS X 0208,1,https://puboo.jp/book/32094,2022-04-21,UTF-8,Unicode,1
054917,つりびとジェレミーさんのはなし,つりびとジェレミーさんのはなし,つりひとしえれみいさんのはなし,,,THE TALE OF MR. JEREMY FISHER,,NDC K726,新字新仮名,あり,2012-04-09,2022-04-21,https://www.aozora.gr.jp/cards/001505/card54917.html,000010,大久保,ゆう,おおくぼ,ゆう,おおくほ,ゆう,Okubo,Yu,翻訳者,1982,,あり,,,,,,,,,,,,,,,,,大久保ゆう,,https://www.aozora.gr.jp/cards/001505/files/54917_txt_47251.zip,2014-04-03,ShiftJIS,JIS X 0208,1,https://puboo.jp/book/33397,2022-04-21,UTF-8,Unicode,1
054919,ねこぬこタムのはなし,ねこぬこタムのはなし,ねこぬこたむのはなし,,,THE TALE OF TOM KITTEN,,NDC K726,新字新仮名,あり,2012-04-09,2022-04-21,https://www.aozora.gr.jp/cards/001505/card54919.html,000010,大久保,ゆう,おおくぼ,ゆう,おおくほ,ゆう,Okubo,Yu,翻訳者,1982,,あり,,,,,,,,,,,,,,,,,大久保ゆう,,https://www.aozora.gr.jp/cards/001505/files/54919_txt_47234.zip,2014-04-03,ShiftJIS,JIS X 0208,1,https://puboo.jp/book/33401,2022-04-21,UTF-8,Unicode,1
055345,ねっこうまれのこびとたち,ねっこうまれのこびとたち,ねつこうまれのこひとたち,,,,,NDC K726,新字新仮名,あり,2012-08-07,2022-04-21,https://www.aozora.gr.jp/cards/001727/card55345.html,000010,大久保,ゆう,おおくぼ,ゆう,おおくほ,ゆう,Okubo,Yu,翻訳者,1982,,あり,,,,,,,,,,,,,,,,,大久保ゆう,,https://www.aozora.gr.jp/cards/001727/files/55345_txt_53433.zip,2014-05-03,ShiftJIS,JIS X 0208,0,https://puboo.jp/book/52950,2022-04-21,UTF-8,Unicode,1
055884,ハートのクイン,ハートのクイン,はあとのくいん,,,,THE QUEEN OF HEARTS,NDC K726,新字新仮名,あり,2013-02-02,2022-04-21,https://www.aozora.gr.jp/cards/001756/card55884.html,000010,大久保,ゆう,おおくぼ,ゆう,おおくほ,ゆう,Okubo,Yu,翻訳者,1982,,あり,,,,,,,,,,,,,,,,,大久保ゆう,,https://www.aozora.gr.jp/cards/001756/files/55884_txt_50047.zip,2014-04-03,ShiftJIS,JIS X 0208,1,https://puboo.jp/book/53958,2022-04-21,UTF-8,Unicode,1
055889,パイとやきがたのはなし,パイとやきがたのはなし,はいとやきかたのはなし,,,THE TALE OF THE PIE AND THE PATTY-PAN,,NDC K726,新字新仮名,あり,2013-02-02,2022-04-21,https://www.aozora.gr.jp/cards/001505/card55889.html,000010,大久保,ゆう,おおくぼ,ゆう,おおくほ,ゆう,Okubo,Yu,翻訳者,1982,,あり,,,,,,,,,,,,,,,,,大久保ゆう,,https://www.aozora.gr.jp/cards/001505/files/55889_txt_50049.zip,2014-04-03,ShiftJIS,JIS X 0208,1,https://puboo.jp/book/61966,2022-04-21,UTF-8,Unicode,1
054927,ババールとサンタのおじさん,ババールとサンタのおじさん,ははあるとさんたのおしさん,,,BABAR ET LE PERE NOEL,,NDC K726,新字新仮名,あり,2012-04-21,2022-04-21,https://www.aozora.gr.jp/cards/001687/card54927.html,000010,大久保,ゆう,おおくぼ,ゆう,おおくほ,ゆう,Okubo,Yu,翻訳者,1982,,あり,,,,,,,,,,,,,,,,,大久保ゆう,,https://www.aozora.gr.jp/cards/001687/files/54927_txt_53431.zip,2014-05-03,ShiftJIS,JIS X 0208,0,https://puboo.jp/book/41023,2022-04-21,UTF-8,Unicode,1
054923,まちねずジョニーのはなし,まちねずジョニーのはなし,まちねすしよにいのはなし,,,THE TALE OF JOHNNY TOWN-MOUSE,,NDC K726,新字新仮名,あり,2012-04-09,2022-04-21,https://www.aozora.gr.jp/cards/001505/card54923.html,000010,大久保,ゆう,おおくぼ,ゆう,おおくほ,ゆう,Okubo,Yu,翻訳者,1982,,あり,,,,,,,,,,,,,,,,,大久保ゆう,,https://www.aozora.gr.jp/cards/001505/files/54923_txt_47242.zip,2014-04-03,ShiftJIS,JIS X 0208,1,https://puboo.jp/book/32112,2022-04-21,UTF-8,Unicode,1
054925,マリゴールド・ガーデン,マリゴールド・ガーデン,まりこおるとかあてん,,,MARIGOLD GARDEN,,NDC K726,新字新仮名,あり,2012-04-12,2022-04-21,https://www.aozora.gr.jp/cards/001686/card54925.html,000010,大久保,ゆう,おおくぼ,ゆう,おおくほ,ゆう,Okubo,Yu,翻訳者,1982,,あり,,,,,,,,,,,,,,,,,大久保ゆう,,https://www.aozora.gr.jp/cards/001686/files/54925_txt_53435.zip,2014-05-03,ShiftJIS,JIS X 0208,0,https://puboo.jp/book/36612,2022-04-21,UTF-8,Unicode,1
054920,みずかきジェマイマのはなし,みずかきジェマイマのはなし,みすかきしえまいまのはなし,,,THE TALE OF JEMIMA PUDDLE-DUCK,,NDC K726,新字新仮名,あり,2012-04-09,2022-04-21,https://www.aozora.gr.jp/cards/001505/card54920.html,000010,大久保,ゆう,おおくぼ,ゆう,おおくほ,ゆう,Okubo,Yu,翻訳者,1982,,あり,,,,,,,,,,,,,,,,,大久保ゆう,,https://www.aozora.gr.jp/cards/001505/files/54920_txt_47236.zip,2014-04-03,ShiftJIS,JIS X 0208,1,https://puboo.jp/book/34826,2022-04-21,UTF-8,Unicode,1
054918,モペットちゃんのものがたり,モペットちゃんのものがたり,もへつとちやんのものかたり,,,THE STORY OF MISS MOPPET,,NDC K726,新字新仮名,あり,2012-04-09,2022-04-21,https://www.aozora.gr.jp/cards/001505/card54918.html,000010,大久保,ゆう,おおくぼ,ゆう,おおくほ,ゆう,Okubo,Yu,翻訳者,1982,,あり,,,,,,,,,,,,,,,,,大久保ゆう,,https://www.aozora.gr.jp/cards/001505/files/54918_txt_47232.zip,2014-04-03,ShiftJIS,JIS X 0208,1,https://puboo.jp/book/32471,2022-04-21,UTF-8,Unicode,1
000536,賢者の贈り物,けんじゃのおくりもの,けんしやのおくりもの,,,The Gift of Magi,,NDC K933,新字新仮名,あり,1999-12-09,2014-09-17,https://www.aozora.gr.jp/cards/000097/card536.html,000097,オー・ヘンリー,,オー・ヘンリー,,おおへんりい,,O. Henry,,著者,1862-09-11,1910-06-05,なし,,,,,,,,,,,,,,,,,結城浩,,,,,,,http://www.hyuki.com/trans/magi.html,1999-12-09,ShiftJIS,JIS X 0208,0
000532,最後の一枚の葉,さいごのいちまいのは,さいこのいちまいのは,,,The Last Leaf,,NDC K933,新字新仮名,あり,2000-01-11,2014-09-17,https://www.aozora.gr.jp/cards/000097/card532.html,000097,オー・ヘンリー,,オー・ヘンリー,,おおへんりい,,O. Henry,,著者,1862-09-11,1910-06-05,なし,,,,,,,,,,,,,,,,,結城浩,,,,,,,http://www.hyuki.com/trans/leaf.html,2000-01-11,ShiftJIS,JIS X 0208,0
004828,魔女のパン,まじょのパン,ましよのはん,,,Witches' Loaves,,NDC K933,新字新仮名,あり,2002-10-16,2014-09-17,https://www.aozora.gr.jp/cards/000097/card4828.html,000097,オー・ヘンリー,,オー・ヘンリー,,おおへんりい,,O. Henry,,著者,1862-09-11,1910-06-05,なし,,,,,,,,,,,,,,,,,,,http://cosmoshouse.com/works/loaves/loaves.zip,2009-11-28,ShiftJIS,JIS X 0208,2,http://cosmoshouse.com/works/loaves/loaves.htm,2009-11-28,ShiftJIS,JIS X 0208,2
000320,犬と釣り,いぬとつり,いぬとつり,荒川辺りの昼下がり,あらかわべりのひるさがり,,,NDC 913,新字新仮名,あり,1997-08-26,2014-09-17,https://www.aozora.gr.jp/cards/000206/card320.html,000206,小沢,真理子,おざわ,まりこ,おさわ,まりこ,Ozawa,Mariko,著者,,,あり,,,,,,,,,,,,,,,,,小澤真理子,,,,,,,,,,,
000702,ロン吉百までわしゃ九十九まで,ロンきちひゃくまでわしゃくじゅくまで,ろんきちひやくまてわしやくしゆくまて,,,,,NDC 914,新字新仮名,あり,1997-08-26,2014-09-17,https://www.aozora.gr.jp/cards/000206/card702.html,000206,小沢,真理子,おざわ,まりこ,おさわ,まりこ,Ozawa,Mariko,著者,,,あり,,,,,,,,,,,,,,,,,小澤真理子,,,,,,,,,,,
055345,ねっこうまれのこびとたち,ねっこうまれのこびとたち,ねつこうまれのこひとたち,,,,,NDC K726,新字新仮名,あり,2012-08-07,2022-04-21,https://www.aozora.gr.jp/cards/001727/card55345.html,001727,オルファース,ジビュレ・フォン,オルファース,ジビュレ・フォン,おるふああす,しひゆれふおん,Olfers,Sibylle von,著者,1881-05-08,1916-01-29,なし,,,,,,,,,,,,,,,,,大久保ゆう,,https://www.aozora.gr.jp/cards/001727/files/55345_txt_53433.zip,2014-05-03,ShiftJIS,JIS X 0208,0,https://puboo.jp/book/52950,2022-04-21,UTF-8,Unicode,1
060544,アメリカ独立宣言,アメリカどくりつせんげん,あめりかとくりつせんけん,,,,,NDC 312,新字新仮名,あり,2020-07-04,2020-06-27,https://www.aozora.gr.jp/cards/001189/card60544.html,002160,加藤,光一,かとう,こういち,かとう,こういち,Kato,Koichi,翻訳者,,,あり,,,,,,,,,,,,,,,,,加藤　光一,,https://mega.nz/file/ugFFyACK#r3c6BO3jpUCl8QVi9vx9H8fmuBKHgzM_V1LPThEpjFY,2020-04-13,UTF-8,Unicode,0,,,,,
060543,Ｊ・Ｆ・ケネディ大統領就任演説　1961年１月20日,ジェー・エフ・ケネディだいとうりょうしゅうにんえんぜつ　せんきゅうひゃくろくじゅういちねんいちがつはつか,しえええふけねていたいとうりようしゆうにんえんせつせんきゆうひやくろくしゆういちねんいちかつはつか,,,,,NDC 253 312,新字新仮名,あり,2021-01-20,2020-12-26,https://www.aozora.gr.jp/cards/000892/card60543.html,002160,加藤,光一,かとう,こういち,かとう,こういち,Kato,Koichi,翻訳者,,,あり,,,,,,,,,,,,,,,,,加藤　光一,,https://mega.nz/file/6tMxgAjZ#PglDDyJL0syRhnULqK0qhTMC7cktsgqwObj5fY_knpE,2020-04-13,UTF-8,Unicode,0,,,,,
060545,リンカーン　ゲティスバーグ演説,リンカーン　ゲティスバーグえんぜつ,りんかあんけていすはあくえんせつ,1863.11.19　アメリカ　ペンシルバニア ゲティスバーグ近くの戦場にて,1863.11.19　アメリカ　ペンシルバニア ゲティスバーグちかくのせんじょうにて,,,NDC 253 312,新字新仮名,あり,2020-11-19,2020-10-25,https://www.aozora.gr.jp/cards/002161/card60545.html,002160,加藤,光一,かとう,こういち,かとう,こういち,Kato,Koichi,翻訳者,,,あり,,,,,,,,,,,,,,,,,加藤　光一,,https://mega.nz/file/qoVFjQKD#aeJGvJ7X_Uo_j6vTVhfCptc9bVZShTeJxBqBaMZvBUs,2020-04-13,UTF-8,Unicode,0,,,,,
060546,リンカーン大統領第一期就任演説　1861年３月４日月曜日,リンカーンだいとうりょうだいいっきしゅうにんえんぜつ　せんはっぴゃくろくじゅういちねんさんがつよっかげつようび,りんかあんたいとうりようたいいつきしゆうにんえんせつせんはつひやくろくしゆういちねんさんかつよつかけつようひ,,,,,NDC 253 312,新字新仮名,あり,2021-03-04,2021-02-25,https://www.aozora.gr.jp/cards/002161/card60546.html,002160,加藤,光一,かとう,こういち,かとう,こういち,Kato,Koichi,翻訳者,,,あり,,,,,,,,,,,,,,,,,加藤　光一,,https://mega.nz/file/XwFRBSbI#kj-uVT9dAfxW_djrtLu2uM2JsgtEjG0sgR_jjhmyttk,2020-04-13,UTF-8,Unicode,0,,,,,
060547,リンカーン大統領第二期就任演説　1865年３月４日,リンカーンだいとうりょうだいにきしゅうにんえんぜつ　せんはっぴゃくろくじゅうごねんさんがつよっか,りんかあんたいとうりようたいにきしゆうにんえんせつせんはつひやくろくしゆうこねんさんかつよつか,,,,,NDC 253 312,新字新仮名,あり,2021-03-04,2021-02-25,https://www.aozora.gr.jp/cards/002161/card60547.html,002160,加藤,光一,かとう,こういち,かとう,こういち,Kato,Koichi,翻訳者,,,あり,,,,,,,,,,,,,,,,,加藤　光一,,https://mega.nz/file/z4MVTSoR#TajX5MZvymNPfxGv1YO1YfkUNme3Nb6Ojyu1ceEMUZI,2020-04-13,UTF-8,Unicode,0,,,,,
003392,悪魔の足,あくまのあし,あくまのあし,,,THE ADVENTURE OF THE DEVIL'S FOOT,,NDC K933,新字新仮名,あり,2001-06-12,2014-09-17,https://www.aozora.gr.jp/cards/000009/card3392.html,000880,枯葉,,かれは,,かれは,,Kareha,,翻訳者,,,あり,"""His Last Bow""所収 ""The Adventure of the Devils Foot""",,,,,,,,,,,,,,,,枯葉,,"http://www1.bbiq.jp/kareha/trans/txt/devils_foot,_the.zip",2012-07-27,ShiftJIS,JIS X 0208,3,"http://www1.bbiq.jp/kareha/trans/html/devils_foot,_the.html",2012-07-27,ShiftJIS,JIS X 0208,2
004831,グレイト・ギャツビー,グレイト・ギャツビー,くれいときやつひい,,,THE GREAT GATSBY,,NDC 933,新字新仮名,あり,2002-10-15,2014-09-17,https://www.aozora.gr.jp/cards/001036/card4831.html,000880,枯葉,,かれは,,かれは,,Kareha,,翻訳者,,,あり,,,,,,,,,,,,,,,,,,,"http://www1.bbiq.jp/kareha/trans/txt/great_gatsby,_the.zip",2012-07-27,ShiftJIS,JIS X 0208,1,"http://www1.bbiq.jp/kareha/trans/html/great_gatsby,_the.html",2012-07-27,ShiftJIS,JIS X 0208,1
003393,チャールズ・オーガスタス・ミルヴァートン,チャールズ・オーガスタス・ミルヴァートン,ちやあるすおおかすたすみるうああとん,,,THE ADVENTUER OF CHARLES AUGUSTUS MILVERTON,,NDC K933,新字新仮名,あり,2001-06-12,2014-09-17,https://www.aozora.gr.jp/cards/000009/card3393.html,000880,枯葉,,かれは,,かれは,,Kareha,,翻訳者,,,あり,"""The Return of Sherlock Holmes""所収 ""The Adventure of Charles Augustus Milverton""",,,,,,,,,,,,,,,,枯葉,,http://www1.bbiq.jp/kareha/trans/txt/charles_augustus_milverton.zip,2012-07-27,ShiftJIS,JIS X 0208,2,http://www1.bbiq.jp/kareha/trans/html/charles_augustus_milverton.html,2012-07-27,ShiftJIS,JIS X 0208,2
058044,天涯から来たる色,てんがいからきたるいろ,てんかいからきたるいろ,,,The Colour Out of Space,,NDC 933,新字新仮名,あり,2017-03-15,2017-01-20,https://www.aozora.gr.jp/cards/001699/card58044.html,000880,枯葉,,かれは,,かれは,,Kareha,,翻訳者,,,あり,,,,,,,,,,,,,,,,,枯葉,,"http://www1.bbiq.jp/kareha/trans/txt/colour_out_of_space,_the.zip",2016-08-24,ShiftJIS,JIS X 0208,0,"http://www1.bbiq.jp/kareha/trans/html/colour_out_of_space,_the.html",2016-08-24,UTF-8,Unicode,0
003394,ノーウッドの建築家,ノーウッドのけんちくか,のおうつとのけんちくか,,,THE ADVENTURE OF THE NORWOOD BUILDER,,NDC K933,新字新仮名,あり,2001-06-12,2014-09-17,https://www.aozora.gr.jp/cards/000009/card3394.html,000880,枯葉,,かれは,,かれは,,Kareha,,翻訳者,,,あり,"""The Return of Sherlock Holmes""所収 ""The Adventure of the Norwood Builder""",,,,,,,,,,,,,,,,枯葉,,"http://www1.bbiq.jp/kareha/trans/txt/norwood_builder,_the.zip",2012-07-27,ShiftJIS,JIS X 0208,2,"http://www1.bbiq.jp/kareha/trans/html/norwood_builder,_the.html",2012-07-27,ShiftJIS,JIS X 0208,2
003395,ブルー・カーバンクル,ブルー・カーバンクル,ふるうかあはんくる,,,THE ADVENTURE OF THE BLUE CARBUNCLE,,NDC K933,新字新仮名,あり,2001-06-12,2014-09-17,https://www.aozora.gr.jp/cards/000009/card3395.html,000880,枯葉,,かれは,,かれは,,Kareha,,翻訳者,,,あり,"""The Adventure of Sherlock Holmes""所収 ""The Adventure of the Blue Carbuncle""",,,,,,,,,,,,,,,,枯葉,,"http://www1.bbiq.jp/kareha/trans/txt/blue_carbuncle,_the.zip",2012-07-27,ShiftJIS,JIS X 0208,3,"http://www1.bbiq.jp/kareha/trans/html/blue_carbuncle,_the.html",2012-07-27,ShiftJIS,JIS X 0208,3
000520,侯爵夫人,こうしゃくふじん,こうしやくふしん,,,The Marquise,,NDC 932,新字新仮名,あり,1999-03-12,2014-09-17,https://www.aozora.gr.jp/cards/000223/card520.html,000223,カワード,ノエル,カワード,ノエル,かわあと,のえる,Coward,Noel,著者,1899-12-16,1973-03-26,あり,,,,,,,,,,,,,,,,,能美武功,,http://www.01.246.ne.jp/~tnoumi/noumi1/eng.html,1999-03-12,ShiftJIS,JIS X 0208,0,http://www.01.246.ne.jp/~tnoumi/noumi1/eng.html,1999-03-12,ShiftJIS,JIS X 0208,0
000534,Macintoshとデザインの周辺,マッキントッシュとデザインのしゅうへん,まつきんとつしゆとてさいんのしゆうへん,,,,,NDC 727,新字新仮名,あり,1997-10-20,2014-09-17,https://www.aozora.gr.jp/cards/000099/card534.html,000099,菊池,美範,きくち,よしのり,きくち,よしのり,Kikuchi,Yoshinori,著者,,,あり,,,,,,,,,,,,,,,,,菊池美範,,,,,,,http://www.ar-inc.co.jp/m_and_d/index.html,1997-10-20,ShiftJIS,JIS X 0208,0
002592,虹の海の童話集1,にじのうみのどうわしゅう1,にしのうみのとうわしゆう,,,,,NDC K913,新字新仮名,あり,2000-12-16,2014-09-17,https://www.aozora.gr.jp/cards/000373/card2592.html,000373,北畠,尊也,きたばたけ,たかや,きたはたけ,たかや,Kitabatake,Takaya,著者,1967,,あり,,,,,,,,,,,,,,,,,北畠尊也,,,,,,,,,,,
000608,モウグリの兄弟たち,モウグリのきょうだいたち,もうくりのきようたいたち,,,Mowgri's Brothers,,NDC K933,新字新仮名,あり,2000-04-21,2014-09-17,https://www.aozora.gr.jp/cards/000114/card608.html,000114,キプリング,ラデャード,キプリング,ラデャード,きふりんく,らてやあと,Kipling,Rudyard,著者,1865-12-30,1936-01-18,なし,"""The Project Gutenberg Etext of The Jungle Book by Kipling"" Jnglb10.zip および Rudyard Kipling, ""The Jungle Books,"" Penguin Polular Classics ed.,London: Penguin Books, 1994, First published in 1894.",,,,,,,,,,,,,,,,,,http://cosmoshouse.com/works/jungle/jungle.zip,2009-11-28,ShiftJIS,JIS X 0208,3,http://cosmoshouse.com/works/jungle/jungle.htm,2009-11-28,ShiftJIS,JIS X 0208,4
055880,アリスの地底めぐり,アリスのちていめぐり,ありすのちていめくり,,,ALICE'S ADVENTURES UNDER GROUND,,NDC K933,新字新仮名,あり,2013-02-02,2022-04-21,https://www.aozora.gr.jp/cards/001393/card55880.html,001393,キャロル,ルイス,キャロル,ルイス,きやろる,るいす,Carroll,Lewis,著者,1832-01-27,1898-01-14,なし,,,,,,,,,,,,,,,,,大久保ゆう,,https://www.aozora.gr.jp/cards/001393/files/55880_ruby_50041.zip,2015-06-19,ShiftJIS,JIS X 0208,3,https://puboo.jp/book/61968,2022-04-21,UTF-8,Unicode,1
054926,えほんのアリス,えほんのアリス,えほんのありす,,,"THE NURSERY ""ALICE""",,NDC K726,新字新仮名,あり,2012-04-17,2022-04-21,https://www.aozora.gr.jp/cards/001393/card54926.html,001393,キャロル,ルイス,キャロル,ルイス,きやろる,るいす,Carroll,Lewis,著者,1832-01-27,1898-01-14,なし,,,,,,,,,,,,,,,,,大久保ゆう,,https://www.aozora.gr.jp/cards/001393/files/54926_txt_47247.zip,2014-04-03,ShiftJIS,JIS X 0208,1,https://puboo.jp/book/34356,2022-04-21,UTF-8,Unicode,1
055606,心を養う,こころをやしなう,こころをやしなう,,,,,NDC 934,新字新仮名,あり,2012-09-29,2015-09-21,https://www.aozora.gr.jp/cards/001393/card55606.html,001393,キャロル,ルイス,キャロル,ルイス,きやろる,るいす,Carroll,Lewis,著者,1832-01-27,1898-01-14,なし,,,,,,,,,,,,,,,,,石波杏,,http://www13.plala.or.jp/nami/feeding.zip,2012-09-29,ShiftJIS,JIS X 0208,1,http://www13.plala.or.jp/nami/feeding.html,2012-09-29,ShiftJIS,JIS X 0208,1
054924,あップルパイを,あップルパイを,あつふるはいを,,,A APPLE PIE,,NDC K726,新字新仮名,あり,2012-04-12,2022-04-21,https://www.aozora.gr.jp/cards/001686/card54924.html,001686,グリーナウェイ,ケイト,グリーナウェイ,ケイト,くりいなうえい,けいと,Greenaway,Kate,著者,1846-03-17,1901-11-06,なし,,,,,,,,,,,,,,,,,大久保ゆう,,https://www.aozora.gr.jp/cards/001686/files/54924_txt_47244.zip,2014-04-03,ShiftJIS,JIS X 0208,1,https://puboo.jp/book/35337,2022-04-21,UTF-8,Unicode,1
054925,マリゴールド・ガーデン,マリゴールド・ガーデン,まりこおるとかあてん,,,MARIGOLD GARDEN,,NDC K726,新字新仮名,あり,2012-04-12,2022-04-21,https://www.aozora.gr.jp/cards/001686/card54925.html,001686,グリーナウェイ,ケイト,グリーナウェイ,ケイト,くりいなうえい,けいと,Greenaway,Kate,著者,1846-03-17,1901-11-06,なし,,,,,,,,,,,,,,,,,大久保ゆう,,https://www.aozora.gr.jp/cards/001686/files/54925_txt_53435.zip,2014-05-03,ShiftJIS,JIS X 0208,0,https://puboo.jp/book/36612,2022-04-21,UTF-8,Unicode,1
000750,英語対訳版草木塔抄他／Fire on the Mountain,えいごたいやくばんそうもくとうしょうほか／ファイア　オン　ザ　マウンテン,えいこたいやくはんそうもくとうしようほかふあいあおんさまうんてん,,,,,NDC 911,新字旧仮名,あり,1998-05-18,2015-08-16,https://www.aozora.gr.jp/cards/000146/card750.html,000201,グリーン,ジェイムズ,グリーン,ジェイムズ,くりいん,しえいむす,Green,James,翻訳者,,2014-04,あり,山頭火句集,ちくま文庫、筑摩書房,,,,山頭火全集,春陽堂書店,,山頭火文庫・句集四,春陽堂書店,,,,,,,浜野安紀子、浜野智,,http://www.lcv.ne.jp/~ibs52086/fire.zip,2015-08-16,ShiftJIS,JIS X 0208,3,http://www.lcv.ne.jp/~ibs52086/fire/,2015-08-16,UTF-8,JIS X 0208,3
001068,自転車の夏,じてんしゃのなつ,してんしやのなつ,,,,,NDC 913,新字新仮名,あり,2000-10-21,2014-09-17,https://www.aozora.gr.jp/cards/000215/card1068.html,000215,栗林,元,くりばやし,はじめ,くりはやし,はしめ,Kuribayashi,Hajime,著者,,,あり,,,,,,,,,,,,,,,,,栗林元,,http://www.mirai.ne.jp/~kuri/homepage/jitensha.txt,2000-10-21,ShiftJIS,JIS X 0208,0,http://www.mirai.ne.jp/~kuri/homepage/git.htm,2000-10-21,ShiftJIS,JIS X 0208,0
058700,門にて,もんにて,もんにて,,,AT THE GATE,,NDC 933,新字新仮名,あり,2018-11-01,2018-10-24,https://www.aozora.gr.jp/cards/001950/card58700.html,001950,クロッサー,マイラ・ジョー,クロッサー,マイラ・ジョー,くろつさあ,まいらしよお,Closser,Myla Jo,著者,1880,1962,あり,,,,,,,,,,,,,,,,,The Creative CAT,,http://www.asahi-net.or.jp/~YZ8H-TD/misc/monnite.zip,2017-07-16,ShiftJIS,JIS X 0208,0,http://www.asahi-net.or.jp/~YZ8H-TD/misc/monnite.html,2017-07-22,ShiftJIS,JIS X 0208,0
000645,人間の基本,にんげんのきほん,にんけんのきほん,いじめっ子はなぜ生まれるか,いじめっこはなぜうまれるか,,,NDC 371 914,新字新仮名,あり,1998-10-08,2014-09-17,https://www.aozora.gr.jp/cards/000122/card645.html,000122,桑原,一世,くわばら,いちよ,くわはら,いちよ,Kuwabara,Ichiyo,著者,,,あり,,,,,,,,,,,,,,,,,桑原一世,,,,,,,,,,,
060543,Ｊ・Ｆ・ケネディ大統領就任演説　1961年１月20日,ジェー・エフ・ケネディだいとうりょうしゅうにんえんぜつ　せんきゅうひゃくろくじゅういちねんいちがつはつか,しえええふけねていたいとうりようしゆうにんえんせつせんきゆうひやくろくしゆういちねんいちかつはつか,,,,,NDC 253 312,新字新仮名,あり,2021-01-20,2020-12-26,https://www.aozora.gr.jp/cards/000892/card60543.html,000892,ケネディ,ジョン・フィッツジェラルド,ケネディ,ジョン・フィッツジェラルド,けねてい,しよんふいつつしえらると,Kennedy,John Fitzgerald,著者,1917-05-29,1963-11-22,なし,,,,,,,,,,,,,,,,,加藤　光一,,https://mega.nz/file/6tMxgAjZ#PglDDyJL0syRhnULqK0qhTMC7cktsgqwObj5fY_knpE,2020-04-13,UTF-8,Unicode,0,,,,,
000551,みみず物語,みみずものがたり,みみすものかたり,,,,,NDC 615,新字新仮名,あり,1997-09-05,2014-09-17,https://www.aozora.gr.jp/cards/000108/card551.html,000108,小泉,英政,こいずみ,ひでまさ,こいすみ,ひてまさ,Koizumi,Hidemasa,著者,1948,,あり,,,,,,,,,,,,,,,,,吉沢茂,,http://attic.neophilia.co.jp/aozora/zipfiles/mimizu.zip,1997-12-16,ShiftJIS,JIS X 0208,1,http://attic.neophilia.co.jp/aozora/htmlban/mimizu1.html,1999-04-09,ShiftJIS,JIS X 0208,0
000552,みみず物語　２,みみずものがたり　に,みみすものかたりに,,,,,NDC 615,新字新仮名,あり,1999-04-09,2014-09-17,https://www.aozora.gr.jp/cards/000108/card552.html,000108,小泉,英政,こいずみ,ひでまさ,こいすみ,ひてまさ,Koizumi,Hidemasa,著者,1948,,あり,,,,,,,,,,,,,,,,,,,http://attic.neophilia.co.jp/aozora/zipfiles/mimizu2.zip,1999-04-09,ShiftJIS,JIS X 0208,0,http://attic.neophilia.co.jp/aozora/htmlban/mimizu2.html,1999-04-09,ShiftJIS,JIS X 0208,0
033221,ギタンジャリ,ギタンジャリ,きたんしやり,,,Gitanjali,,NDC 929,新字新仮名,あり,2003-08-07,2014-09-17,https://www.aozora.gr.jp/cards/001075/card33221.html,001076,高良,とみ,こうら,とみ,こうら,とみ,Kora,Tomi,翻訳者,1896-7-1,1993-1-17,あり,,,,,,,,,,,,,,,,,LINDEN,,http://linden.main.jp/tagore/gitanjali_txt.zip,2008-08-13,ShiftJIS,JIS X 0208,1,http://linden.main.jp/tagore/gitanjali.html,2008-08-13,ShiftJIS,JIS X 0208,1
055884,ハートのクイン,ハートのクイン,はあとのくいん,,,,THE QUEEN OF HEARTS,NDC K726,新字新仮名,あり,2013-02-02,2022-04-21,https://www.aozora.gr.jp/cards/001756/card55884.html,001756,コールデコット,ランドルフ,コールデコット,ランドルフ,こおるてこつと,らんとるふ,Caldecott,Randolph,著者,1846-03-22,1886-02-12,なし,,,,,,,,,,,,,,,,,大久保ゆう,,https://www.aozora.gr.jp/cards/001756/files/55884_txt_50047.zip,2014-04-03,ShiftJIS,JIS X 0208,1,https://puboo.jp/book/53958,2022-04-21,UTF-8,Unicode,1
000192,Alice6,アリスシックス,ありすしつくす,,,,,NDC 912,新字新仮名,あり,1997-09-09,2014-09-17,https://www.aozora.gr.jp/cards/000016/card192.html,000016,小中,千昭,こなか,ちあき,こなか,ちあき,Konaka,Chiaki,著者,,,あり,,,,,,,,,,,,,,,,,小中千昭,,,,,,,,,,,
000528,くまちゃん,くまちゃん,くまちやん,,,,,NDC 913,新字新仮名,あり,1997-09-09,2014-09-17,https://www.aozora.gr.jp/cards/000016/card528.html,000016,小中,千昭,こなか,ちあき,こなか,ちあき,Konaka,Chiaki,著者,,,あり,,,,,,,,,,,,,,,,,小中千昭,,,,,,,,,,,
043717,創世記考,そうせいきこう,そうせいきこう,,,,,NDC 913,新字新仮名,あり,2004-12-15,2019-06-02,https://www.aozora.gr.jp/cards/000151/card43717.html,000151,西府,章,さいふ,あきら,さいふ,あきら,Saifu,Akira,著者,,,あり,,,,,,,,,,,,,,,,,西府章,,,,,,,http://akirahp.s199.coreserver.jp/Gen1-2.html,2019-06-02,ShiftJIS,JIS X 0208,2
000808,対州風聞書,たいしゅうふうぶんがき,たいしゆうふうふんかき,,,,,NDC 913,新字新仮名,あり,2000-03-24,2019-06-02,https://www.aozora.gr.jp/cards/000151/card808.html,000151,西府,章,さいふ,あきら,さいふ,あきら,Saifu,Akira,著者,,,あり,,,,,,,,,,,,,,,,,西府章,,,,,,,http://akirahp.s199.coreserver.jp/novel_TFG.html,2019-06-02,ShiftJIS,JIS X 0208,4
043716,夏のオリオン,なつのオリオン,なつのおりおん,,,,,NDC 913,新字新仮名,あり,2004-12-15,2019-06-02,https://www.aozora.gr.jp/cards/000151/card43716.html,000151,西府,章,さいふ,あきら,さいふ,あきら,Saifu,Akira,著者,,,あり,,,,,,,,,,,,,,,,,西府章,,,,,,,http://akirahp.s199.coreserver.jp/Orion1-6.html,2019-06-02,ShiftJIS,JIS X 0208,3
000347,易経,えききょう,えききよう,,,,,NDC 123 148,その他,あり,1997-09-03,2014-09-17,https://www.aozora.gr.jp/cards/000088/card347.html,001529,作者不詳,,さくしゃふしょう,,さくしやふしよう,,Sakushafusho,,著者,,,なし,江戸明治期の木版本,,,,,中国古典,,,,,,,,,,,師尾潤、長谷川集平,,,,,,,,,,,
000672,落窪物語,おちくぼものがたり,おちくほものかたり,,,,,NDC 913,新字新仮名,あり,1998-10-06,2014-09-17,https://www.aozora.gr.jp/cards/001529/card672.html,001529,作者不詳,,さくしゃふしょう,,さくしやふしよう,,Sakushafusho,,著者,,,なし,,,,,,,,,,,,,,,,,長谷悟,,http://www.geocities.jp/hase5732/index.html,2006-11-29,ShiftJIS,JIS X 0208,1,,,,,
000516,こんちりさんのりやく,こんちりさんのりやく,こんちりさんのりやく,,,,,NDC 198,新字新仮名,あり,1997-09-03,2014-09-17,https://www.aozora.gr.jp/cards/000088/card516.html,001529,作者不詳,,さくしゃふしょう,,さくしやふしよう,,Sakushafusho,,著者,,,なし,,,,,,長崎大司教館所蔵,,,,,,,,,,,長谷川集平,,,,,,,,,,,
000409,実語教,じつごきょう,しつこきよう,,,,,NDC 150 375,その他,なし,1998-09-25,2014-09-17,https://www.aozora.gr.jp/cards/001529/card409.html,001529,作者不詳,,さくしゃふしょう,,さくしやふしよう,,Sakushafusho,,著者,,,なし,文政新版　實語教繪鈔,京阪書林,1820（文政3）年,,,,,,,,,,,,,,藤下真潮,,,,,,,http://www.asahi-net.or.jp/~xn2m-fjst/jitugo.htm,2002-08-29,ShiftJIS,JIS X 0208,1
058700,門にて,もんにて,もんにて,,,AT THE GATE,,NDC 933,新字新仮名,あり,2018-11-01,2018-10-24,https://www.aozora.gr.jp/cards/001950/card58700.html,001834,The Creative CAT,,ザ・クリエイティヴ・キャット,,さくりえいていうきやつと,,The Creative CAT,,翻訳者,,,あり,,,,,,,,,,,,,,,,,The Creative CAT,,http://www.asahi-net.or.jp/~YZ8H-TD/misc/monnite.zip,2017-07-16,ShiftJIS,JIS X 0208,0,http://www.asahi-net.or.jp/~YZ8H-TD/misc/monnite.html,2017-07-22,ShiftJIS,JIS X 0208,0
000670,尾なし犬,おなしいぬ,おなしいぬ,,,,,NDC 913,新字新仮名,あり,1998-12-01,2022-02-28,https://www.aozora.gr.jp/cards/000054/card670.html,000054,佐野,良二,さの,りょうじ,さの,りようし,Sano,Ryoji,著者,1940,,あり,闇の力,構想社,1996（平成8）年6月25日,,,,,,,,,,,,,,佐野良二,,http://ryoji-kobo.jp/yamino/onashi.zip,2022-02-28,ShiftJIS,JIS X 0208,4,http://ryoji-kobo.jp/yamino/onashi.htm,2022-02-28,ShiftJIS,JIS X 0208,4
000364,五味氏の宝物,ごみしのたからもの,こみしのたからもの,,,,,NDC 913,新字新仮名,あり,1998-11-22,2022-02-28,https://www.aozora.gr.jp/cards/000054/card364.html,000054,佐野,良二,さの,りょうじ,さの,りようし,Sano,Ryoji,著者,1940,,あり,『北方文芸』第28巻332号,北方文芸刊行会,1995（平成7）年9月号,,,,,,,,,,,,,,佐野良二,,http://ryoji-kobo.jp/gomishi/gomishi.zip,2022-02-28,ShiftJIS,JIS X 0208,4,http://ryoji-kobo.jp/gomishi/gomishi.htm,2022-02-28,ShiftJIS,JIS X 0208,4
000829,飛び出しナイフ,とびだしナイフ,とひたしないふ,,,,,NDC 913,新字新仮名,あり,1998-12-01,2022-02-28,https://www.aozora.gr.jp/cards/000054/card829.html,000054,佐野,良二,さの,りょうじ,さの,りようし,Sano,Ryoji,著者,1940,,あり,闇の力,構想社,1996（平成8）年6月25日,,,,,,,,,,,,,,佐野良二,,http://ryoji-kobo.jp/yamino/tobidashi.zip,2022-02-28,ShiftJIS,JIS X 0208,4,http://ryoji-kobo.jp/yamino/tobidashi.htm,2022-02-28,ShiftJIS,JIS X 0208,4
000898,闇の力,やみのちから,やみのちから,,,,,NDC 913,新字新仮名,あり,1998-12-01,2022-02-28,https://www.aozora.gr.jp/cards/000054/card898.html,000054,佐野,良二,さの,りょうじ,さの,りようし,Sano,Ryoji,著者,1940,,あり,闇の力,構想社,1996（平成8）年6月25日,,,,,,,,,,,,,,佐野良二,,http://ryoji-kobo.jp/yamino/yamino.zip,2022-02-28,ShiftJIS,JIS X 0208,4,http://ryoji-kobo.jp/yamino/yamino.htm,2022-02-28,ShiftJIS,JIS X 0208,4
000887,われらリフター,われらリフター,われらりふたあ,,,,,NDC 913,新字新仮名,あり,1998-11-22,2022-02-28,https://www.aozora.gr.jp/cards/000054/card887.html,000054,佐野,良二,さの,りょうじ,さの,りようし,Sano,Ryoji,著者,1940,,あり,われらリフター,近代文芸社,1993（平成5）年3月20日,,,,,,,,,,,,,,佐野良二,,http://ryoji-kobo.jp/warera/warera.zip,2022-02-28,ShiftJIS,JIS X 0208,4,http://ryoji-kobo.jp/warera/warera.htm,2022-02-28,ShiftJIS,JIS X 0208,4
060544,アメリカ独立宣言,アメリカどくりつせんげん,あめりかとくりつせんけん,,,,,NDC 312,新字新仮名,あり,2020-07-04,2020-06-27,https://www.aozora.gr.jp/cards/001189/card60544.html,001189,ジェファーソン,トマス,ジェファーソン,トマス,しえふああそん,とます,Jefferson,Thomas,著者,1743-04-13,1826-07-04,なし,,,,,,,,,,,,,,,,,加藤　光一,,https://mega.nz/file/ugFFyACK#r3c6BO3jpUCl8QVi9vx9H8fmuBKHgzM_V1LPThEpjFY,2020-04-13,UTF-8,Unicode,0,,,,,
058203,スワーネルブルフ城の白鳥,スワーネルブルフじょうのはくちょう,すわあねるふるふしようのはくちよう,,,The Empty Moat,,NDC K933,新字新仮名,あり,2017-02-18,2017-01-08,https://www.aozora.gr.jp/cards/001919/card58203.html,001919,シェミン,マーガレット,シェミン,マーガレット,しえみん,まあかれつと,Shemin,Margaretha,著者,192X,1976,あり,,,,,,,,,,,,,,,,,宝探子,,,,,,,http://blog.livedoor.jp/takara_sagasi/,2016-12-24,UTF-8,Unicode,0
057878,通貨改革,つうかかいかく,つうかかいかく,アイスランドのためのより優れた通貨制度,アイスランドのためのよりすぐれたつうかせいど,Monetary Reform - A Better Monetary System for Iceland,,NDC 337,新字新仮名,あり,2016-07-22,2016-06-07,https://www.aozora.gr.jp/cards/001877/card57878.html,001877,シガーヨンスソン,フロスティ,シガーヨンスソン,フロスティ,しかあよんすそん,ふろすてい,Sigurjónsson,Frosti,著者,1962-12-19,,あり,,,,,,,,,,,,,,,,,早川健治,,,,,,,,,,,
000506,きみとは往けない。,きみとはいけない。,きみとはいけない,,,,,NDC 911,新字新仮名,あり,1997-10-05,2014-09-17,https://www.aozora.gr.jp/cards/000084/card506.html,000084,清水,哲男,しみず,てつお,しみす,てつお,Shimizu,Tetsuo,著者,1938-02-15,,あり,,,,,,,,,,,,,,,,,渡辺洋,,,,,,,,,,,
000801,スピーチ・バルーン,スピーチ・バルーン,すひいちはるうん,,,,,NDC 911,新字新仮名,あり,1997-10-05,2014-09-17,https://www.aozora.gr.jp/cards/000084/card801.html,000084,清水,哲男,しみず,てつお,しみす,てつお,Shimizu,Tetsuo,著者,1938-02-15,,あり,スピーチ・バルーン,思潮社,1975（昭和50）年,,,,,,,,,,,,,,鈴木志郎康,,,,,,,http://www.catnet.ne.jp/srys/e-poem-lib/simizutetuo/speechmokuji.html,1997-10-05,ShiftJIS,JIS X 0208,0
000370,増殖する俳句歳時記,ぞうしょくするはいくさいじき,そうしよくするはいくさいしき,,,,,NDC 911,新字新仮名,あり,1998-01-26,2014-09-17,https://www.aozora.gr.jp/cards/000084/card370.html,000084,清水,哲男,しみず,てつお,しみす,てつお,Shimizu,Tetsuo,著者,1938-02-15,,あり,,,,,,,,,,,,,,,,,清水哲男,,,,,,,http://zouhai.com/,2012-02-22,ShiftJIS,JIS X 0208,1
000699,RETURN,リターン,りたあん,,,,,NDC 914,新字新仮名,あり,1997-10-05,2014-09-17,https://www.aozora.gr.jp/cards/000084/card699.html,000084,清水,哲男,しみず,てつお,しみす,てつお,Shimizu,Tetsuo,著者,1938-02-15,,あり,,,,,,,,,,,,,,,,,渡辺洋,,,,,,,,,,,
002265,清水鱗造　週刊詩,しみずりんぞう　しゅうかんし,しみすりんそうしゆうかんし,,,,,NDC 911,新字新仮名,あり,1998-02-06,2014-09-17,https://www.aozora.gr.jp/cards/000090/card2265.html,000090,清水,鱗造,しみず,りんぞう,しみす,りんそう,Shimizu,Rinzo,著者,1950,,あり,,,,,,,,,,,,,,,,,,,,,,,,http://www.kt.rim.or.jp/~shimirin/week/poem_w.html,1998-02-06,ShiftJIS,JIS X 0208,0
002266,清水鱗造　連続コラム,しみずりんぞう　れんぞくコラム,しみすりんそうれんそくこらむ,,,,,NDC 914,新字新仮名,あり,1998-02-06,2014-09-17,https://www.aozora.gr.jp/cards/000090/card2266.html,000090,清水,鱗造,しみず,りんぞう,しみす,りんそう,Shimizu,Rinzo,著者,1950,,あり,,,,,,,,,,,,,,,,,,,,,,,,http://www.kt.rim.or.jp/~shimirin/si/col_s.html,1998-02-06,ShiftJIS,JIS X 0208,0
000518,1992～1993年　現代詩時評コラム,せんきゅうひゃくきゅうじゅうに～せんきゅうひゃくきゅうじゅうさんねん　げんだいしじひょうコラム,せんきゆうひやくきゆうしゆうにせんきゆうひやくきゆうしゆうさんねんけんたいししひようこらむ,,,,,NDC 911,新字新仮名,あり,1998-02-04,2014-09-17,https://www.aozora.gr.jp/cards/000090/card518.html,000090,清水,鱗造,しみず,りんぞう,しみす,りんそう,Shimizu,Rinzo,著者,1950,,あり,「週刊読書人」連載コラム,,,,,,,,,,,,,,,,,,,,,,,http://www.kt.rim.or.jp/~shimirin/do92ji.html,1998-02-04,ShiftJIS,JIS X 0208,0
000368,裸の王様,はだかのおおさま,はたかのおおさま,,,Golyi Korol,,NDC 982,新字新仮名,あり,2000-07-21,2014-09-17,https://www.aozora.gr.jp/cards/000210/card368.html,000210,シュヴァルツ,エフゲーニイ,シュヴァルツ,エフゲーニイ,しゆうあるつ,えふけえにい,Shvarts,Evgeniy,著者,1896,1958,あり,,,,,,,,,,,,,,,,,能美武功,,,,,,,http://www.01.246.ne.jp/~tnoumi/noumi1/rus.html,2000-07-21,ShiftJIS,JIS X 0208,0
004307,グリゴリの捕縛,グリゴリのほばく,くりこりのほはく,,,,,NDC 323,新字新仮名,あり,2001-11-26,2014-09-17,https://www.aozora.gr.jp/cards/000021/card4307.html,000021,白田,秀彰,しらた,ひであき,しらた,ひてあき,Shirata,Hideaki,著者,,,あり,,,,,,,,,,,,,,,,,,,,,,,,http://orion.mt.tama.hosei.ac.jp/hideaki/kenporon.htm,2001-11-26,ShiftJIS,JIS X 0208,0
000231,コピーライトの史的展開,コピーライトのしてきてんかい,こひいらいとのしてきてんかい,,,,,NDC 021,新字新仮名,あり,1998-03-25,2014-09-17,https://www.aozora.gr.jp/cards/000021/card231.html,000021,白田,秀彰,しらた,ひであき,しらた,ひてあき,Shirata,Hideaki,著者,,,あり,「一橋研究」 19巻4号(1995年1月) から21巻3号(1996年10月)まで不定期連載,,,,,,,,,,,,,,,,,,,,,,,http://orion.mt.tama.hosei.ac.jp/hideaki/copyrigh.htm,1998-03-25,ShiftJIS,JIS X 0208,0
000861,著作権の原理と現代著作権理論,ちょさくけんのげんりとげんだいちょさくけんりろん,ちよさくけんのけんりとけんたいちよさくけんりろん,,,,,NDC 021,新字新仮名,あり,1998-03-25,2014-09-17,https://www.aozora.gr.jp/cards/000021/card861.html,000021,白田,秀彰,しらた,ひであき,しらた,ひてあき,Shirata,Hideaki,著者,,,あり,,,,,,,,,,,,,,,,,,,,,,,,http://orion.mt.tama.hosei.ac.jp/hideaki/theory.htm,1998-03-25,ShiftJIS,JIS X 0208,0
000367,ハッカー倫理と情報公開・プライバシー,ハッカーりんりとじょうほうこうかい・プライバシー,はつかありんりとしようほうこうかいふらいはしい,,,,,NDC 007 316,新字新仮名,あり,1998-03-25,2014-09-17,https://www.aozora.gr.jp/cards/000021/card367.html,000021,白田,秀彰,しらた,ひであき,しらた,ひてあき,Shirata,Hideaki,著者,,,あり,科学研究費補助金 重点領域研究報告書「高度情報化の法体系と社会制度」(1995年3月),,,,,,,,,,,,,,,,,,,,,,,http://orion.mt.tama.hosei.ac.jp/hideaki/hacker.htm,1998-03-25,ShiftJIS,JIS X 0208,0
000196,もう一つの著作権の話,もうひとつのちょさくけんのはなし,もうひとつのちよさくけんのはなし,,,,,NDC 021,新字新仮名,あり,1998-08-04,2014-09-17,https://www.aozora.gr.jp/cards/000021/card196.html,000021,白田,秀彰,しらた,ひであき,しらた,ひてあき,Shirata,Hideaki,著者,,,あり,,,,,,,,,,,,,,,,,白田秀彰,,,,,,,http://orion.mt.tama.hosei.ac.jp/hideaki/another.htm,1998-08-04,ShiftJIS,JIS X 0208,0
000222,もう一つのプライバシーの話,もうひとつのプライバシーのはなし,もうひとつのふらいはしいのはなし,,,,,NDC 316,新字新仮名,あり,1999-10-05,2014-09-17,https://www.aozora.gr.jp/cards/000021/card222.html,000021,白田,秀彰,しらた,ひであき,しらた,ひてあき,Shirata,Hideaki,著者,,,あり,,,,,,,,,,,,,,,,,白田秀彰,,,,,,,http://orion.mt.tama.hosei.ac.jp/hideaki/a_privacy.htm,1999-10-05,ShiftJIS,JIS X 0208,0
052156,彼の追憶,かれのついおく,かれのついおく,R.S.の伝記,アールエスのでんき,AS I REMEMBER HIM,,NDC 289,新字新仮名,あり,2010-10-01,2014-09-21,https://www.aozora.gr.jp/cards/001493/card52156.html,001493,ジンサー,ハンス,ジンサー,ハンス,しんさあ,はんす,Zinsser,Hans,著者,1878-11-17,1940-09-04,なし,,,,,,,,,,,,,,,,,,,,,,,,http://www.geocities.jp/minakami30jp/rs/rs.html,2010-10-04,ShiftJIS,JIS X 0208,1
004268,アイルランドにおける貧民の子女が、その両親ならびに国家にとっての重荷となることを防止し、かつ社会に対して有用ならしめんとする方法についての私案,アイルランドにおけるひんみんのしじょが、そのりょうしんならびにこっかにとってのおもにとなることをぼうしし、かつしゃかいにたいしてゆうようならしめんとするほうほうについてのしあん,あいるらんとにおけるひんみんのししよかそのりようしんならひにこつかにとつてのおもにとなることをほうししかつしやかいにたいしてゆうようならしめんとするほうほうについてのしあん,,,"A MODEST PROPOSAL FOR PREVENTING THE CHILDREN OF POOR PEOPLE IN IRELAND, FROM BEING A BURDEN ON THEIR PARENTS OR COUNTRY, AND FOR MAKING THEM BENEFICIAL TO THE PUBLICK.",,NDC 934,新字新仮名,あり,2001-09-08,2022-02-10,https://www.aozora.gr.jp/cards/000912/card4268.html,000912,スウィフト,ジョナサン,スウィフト,ジョナサン,すういふと,しよなさん,Swift,Jonathan,著者,1667-11-30,1745-10-19,なし,,,,,,,,,,,,,,,,,sogo,,http://www.e-freetext.net/mdstj.txt,2002-08-27,ShiftJIS,JIS X 0208,1,http://e-freetext.net/modestproposal/,2022-02-10,UTF-8,Unicode,2
000706,更級日記,さらしなにっき,さらしなにつき,,,,,NDC 915,新字旧仮名,なし,1997-10-27,2014-09-17,https://www.aozora.gr.jp/cards/000133/card706.html,000133,菅原孝標女,,すがわらたかすえのむすめ,,すかわらたかすえのむすめ,,Sugawara Takasue no musume,,著者,1008,,なし,宮内庁書陵部本の写真版,武蔵野書院,,,,,,,,,,,,,,,岡島昭浩,,http://www.let.osaka-u.ac.jp/~okajima/bungaku.htm,2003-03-01,ShiftJIS,JIS X 0208,1,,,,,
000524,口に入れてうれしい,くちにいれてうれしい,くちにいれてうれしい,,,,,NDC 911,新字新仮名,あり,1997-10-05,2014-09-17,https://www.aozora.gr.jp/cards/000092/card524.html,000092,鈴木,志郎康,すずき,しろうやす,すすき,しろうやす,Suzuki,Shiroyasu,著者,1935-05-19,,あり,,,,,,,,,,,,,,,,,渡辺洋,,,,,,,,,,,
000543,メディア対「私」,メディアたい「わたし」,めていあたいわたし,,,,,NDC 914,新字新仮名,あり,1997-10-05,2014-09-17,https://www.aozora.gr.jp/cards/000092/card543.html,000092,鈴木,志郎康,すずき,しろうやす,すすき,しろうやす,Suzuki,Shiroyasu,著者,1935-05-19,,あり,,,,,,,,,,,,,,,,,渡辺洋,,,,,,,,,,,
002248,自由か著作権か？,じゆうかちょさくけんか？,しゆうかちよさくけんか,,,Freedom-Or Copyright?,,NDC 007 021,新字新仮名,あり,2000-11-03,2014-09-17,https://www.aozora.gr.jp/cards/000335/card2248.html,000335,ストールマン,リチャード,ストールマン,リチャード,すとおるまん,りちやあと,Stallman,Richard,著者,1953,,あり,,,,,,,,,,,,,,,,,結城浩,,,,,,,http://www.hyuki.com/gnu/frcp.html,2000-11-03,ShiftJIS,JIS X 0208,0
000741,飼育記,しいくき,しいくき,,,,,NDC 911,新字新仮名,あり,1998-05-25,2014-09-17,https://www.aozora.gr.jp/cards/000142/card741.html,000142,関,富士子,せき,ふじこ,せき,ふしこ,Seki,Fujiko,著者,,,あり,"poetry magazine ""rain tree""",,,,,飼育記,あざみ書房,1991年,,,,,,,,,桐田真輔,,,,,,,http://www.linkclub.or.jp/~kiri/siikuki.html,1998-05-25,ShiftJIS,JIS X 0208,0
004268,アイルランドにおける貧民の子女が、その両親ならびに国家にとっての重荷となることを防止し、かつ社会に対して有用ならしめんとする方法についての私案,アイルランドにおけるひんみんのしじょが、そのりょうしんならびにこっかにとってのおもにとなることをぼうしし、かつしゃかいにたいしてゆうようならしめんとするほうほうについてのしあん,あいるらんとにおけるひんみんのししよかそのりようしんならひにこつかにとつてのおもにとなることをほうししかつしやかいにたいしてゆうようならしめんとするほうほうについてのしあん,,,"A MODEST PROPOSAL FOR PREVENTING THE CHILDREN OF POOR PEOPLE IN IRELAND, FROM BEING A BURDEN ON THEIR PARENTS OR COUNTRY, AND FOR MAKING THEM BENEFICIAL TO THE PUBLICK.",,NDC 934,新字新仮名,あり,2001-09-08,2022-02-10,https://www.aozora.gr.jp/cards/000912/card4268.html,000913,sogo,,そごう,,そこう,,Sogo,,翻訳者,,,あり,,,,,,,,,,,,,,,,,sogo,,http://www.e-freetext.net/mdstj.txt,2002-08-27,ShiftJIS,JIS X 0208,1,http://e-freetext.net/modestproposal/,2022-02-10,UTF-8,Unicode,2
055304,ガルシアへの手紙,ガルシアへのてがみ,かるしあへのてかみ,,,A MESSAGE TO GARCIA,,NDC 159,新字新仮名,あり,2012-07-01,2022-02-10,https://www.aozora.gr.jp/cards/001725/card55304.html,000913,sogo,,そごう,,そこう,,Sogo,,翻訳者,,,あり,,,,,,,,,,,,,,,,,,,http://www.e-freetext.net/garcia.txt,2012-06-15,ShiftJIS,JIS X 0208,0,http://e-freetext.net/garcia/,2022-02-10,UTF-8,Unicode,1
004333,クリトン,クリトン,くりとん,,,CRITO,,NDC 131,新字新仮名,あり,2000-12-20,2022-02-10,https://www.aozora.gr.jp/cards/000915/card4333.html,000913,sogo,,そごう,,そこう,,Sogo,,翻訳者,,,あり,,,,,,,,,,,,,,,,,sogo,,http://www.e-freetext.net/critoj.txt,2002-08-28,ShiftJIS,JIS X 0208,1,http://e-freetext.net/crito/,2022-02-10,UTF-8,Unicode,2
000400,漁火,いさりび,いさりひ,,,,,NDC 913,新字新仮名,あり,2000-01-07,2016-08-23,https://www.aozora.gr.jp/cards/000069/card400.html,000069,高野,敦志,たかの,あつし,たかの,あつし,Takano,Atsushi,著者,1963,,あり,第四回舟橋聖一賞受賞作品集,彦根市,1993（平成5）年1月,1993（平成5）年1月,1993（平成5）年1月,,,,,,,,,,,,高野敦志,,http://userweb.pep.ne.jp/faucon/bungaku/isaribi_ruby.zip,2016-08-23,ShiftJIS,JIS X 0208,1,http://userweb.pep.ne.jp/faucon/bungaku/isaribi.htm,2016-08-23,ShiftJIS,JIS X 0208,1
000374,音楽の反方法論序説,おんがくのはんほうほうろんじょせつ,おんかくのはんほうほうろんしよせつ,,,,,NDC 760,新字新仮名,あり,1997-09-05,2014-09-17,https://www.aozora.gr.jp/cards/000059/card374.html,000059,高橋,悠治,たかはし,ゆうじ,たかはし,ゆうし,Takahashi,Yuji,著者,1938,,あり,,,,,,,,,,,,,,,,,高橋悠治,,http://attic.neophilia.co.jp/aozora/zipfiles/anti.zip,1997-09-05,ShiftJIS,JIS X 0208,0,http://attic.neophilia.co.jp/aozora/htmlban/hanhouhouron.html,1998-03-10,ShiftJIS,JIS X 0208,0
058203,スワーネルブルフ城の白鳥,スワーネルブルフじょうのはくちょう,すわあねるふるふしようのはくちよう,,,The Empty Moat,,NDC K933,新字新仮名,あり,2017-02-18,2017-01-08,https://www.aozora.gr.jp/cards/001919/card58203.html,001920,宝,探子,たから,さがし,たから,さかし,Takara,Sagashi,翻訳者,,,あり,,,,,,,,,,,,,,,,,宝探子,,,,,,,http://blog.livedoor.jp/takara_sagasi/,2016-12-24,UTF-8,Unicode,0
033221,ギタンジャリ,ギタンジャリ,きたんしやり,,,Gitanjali,,NDC 929,新字新仮名,あり,2003-08-07,2014-09-17,https://www.aozora.gr.jp/cards/001075/card33221.html,001075,タゴール,ラビンドラナート,タゴール,ラビンドラナート,たこおる,らひんとらなあと,Tagore,Rabindranath,著者,1861-05-06,1941-08-07,なし,,,,,,,,,,,,,,,,,LINDEN,,http://linden.main.jp/tagore/gitanjali_txt.zip,2008-08-13,ShiftJIS,JIS X 0208,1,http://linden.main.jp/tagore/gitanjali.html,2008-08-13,ShiftJIS,JIS X 0208,1
002276,『清貧譚』英訳版　A Tale of Honorable Poverty,『せいひんたん』えいやくばん　ア　テイル　オブ　オノラブル　ポバティ,せいひんたんえいやくはんあているおふおのらふるほはてい,,,,,NDC 913,その他,あり,2000-01-03,2014-09-17,https://www.aozora.gr.jp/cards/000035/card2276.html,000035,太宰,治,だざい,おさむ,たさい,おさむ,Dazai,Osamu,著者,1909-06-19,1948-06-13,なし,太宰治全集　第四巻,筑摩書房,1989年,,,,,,,,,,,,,,,,http://cosmoshouse.com/works/,2004-12-02,ShiftJIS,JIS X 0208,1,http://cosmoshouse.com/works/,2004-12-02,ShiftJIS,JIS X 0208,1
000750,英語対訳版草木塔抄他／Fire on the Mountain,えいごたいやくばんそうもくとうしょうほか／ファイア　オン　ザ　マウンテン,えいこたいやくはんそうもくとうしようほかふあいあおんさまうんてん,,,,,NDC 911,新字旧仮名,あり,1998-05-18,2015-08-16,https://www.aozora.gr.jp/cards/000146/card750.html,000146,種田,山頭火,たねだ,さんとうか,たねた,さんとうか,Taneda,Santoka,著者,1882-12-03,1940-10-11,なし,山頭火句集,ちくま文庫、筑摩書房,,,,山頭火全集,春陽堂書店,,山頭火文庫・句集四,春陽堂書店,,,,,,,浜野安紀子、浜野智,,http://www.lcv.ne.jp/~ibs52086/fire.zip,2015-08-16,ShiftJIS,JIS X 0208,3,http://www.lcv.ne.jp/~ibs52086/fire/,2015-08-16,UTF-8,JIS X 0208,3
000537,魔法のおなべ,まほうのおなべ,まほうのおなへ,,,The Magic Cauldron,,NDC 007,新字新仮名,あり,1999-10-08,2014-09-17,https://www.aozora.gr.jp/cards/000029/card537.html,000101,田宮,まや,たみや,まや,たみや,まや,Tamiya,Maya,翻訳者,,,あり,,,,,,,,,,,,,,,,,山形浩生,,,,,,,http://cruel.org/freeware/magicpot.html,1999-10-08,ShiftJIS,JIS X 0208,0
000394,いないないヴァーチャる,いないないヴァーチャる,いないないうああちやる,,,,,NDC 913,新字新仮名,あり,1998-09-12,2014-09-17,https://www.aozora.gr.jp/cards/000066/card394.html,000066,束原,和多志,つかはら,わたし,つかはら,わたし,Tsukahara,Watashi,著者,,,あり,,,,,,,,,,,,,,,,,束原和多志,,,,,,,,,,,
000611,小さなメディアの必要,ちいさなメディアのひつよう,ちいさなめていあのひつよう,,,,,NDC 023,新字新仮名,あり,1997-10-07,2014-09-17,https://www.aozora.gr.jp/cards/000117/card611.html,000117,津野,海太郎,つの,かいたろう,つの,かいたろう,Tsuno,Kaitaro,著者,1938-04-06,,あり,小さなメディアの必要,晶文社,1981（昭和56）年3月25日,,,,,,,,,,,,,,八巻美恵、萩野正昭,,http://attic.neophilia.co.jp/aozora/zipfiles/mymediax.zip,1997-10-07,ShiftJIS,JIS X 0208,0,,,,,
003392,悪魔の足,あくまのあし,あくまのあし,,,THE ADVENTURE OF THE DEVIL'S FOOT,,NDC K933,新字新仮名,あり,2001-06-12,2014-09-17,https://www.aozora.gr.jp/cards/000009/card3392.html,000009,ドイル,アーサー・コナン,ドイル,アーサー・コナン,といる,ああさあこなん,Doyle,Arthur Conan,著者,1859-05-22,1930-07-07,なし,"""His Last Bow""所収 ""The Adventure of the Devils Foot""",,,,,,,,,,,,,,,,枯葉,,"http://www1.bbiq.jp/kareha/trans/txt/devils_foot,_the.zip",2012-07-27,ShiftJIS,JIS X 0208,3,"http://www1.bbiq.jp/kareha/trans/html/devils_foot,_the.html",2012-07-27,ShiftJIS,JIS X 0208,2
003393,チャールズ・オーガスタス・ミルヴァートン,チャールズ・オーガスタス・ミルヴァートン,ちやあるすおおかすたすみるうああとん,,,THE ADVENTUER OF CHARLES AUGUSTUS MILVERTON,,NDC K933,新字新仮名,あり,2001-06-12,2014-09-17,https://www.aozora.gr.jp/cards/000009/card3393.html,000009,ドイル,アーサー・コナン,ドイル,アーサー・コナン,といる,ああさあこなん,Doyle,Arthur Conan,著者,1859-05-22,1930-07-07,なし,"""The Return of Sherlock Holmes""所収 ""The Adventure of Charles Augustus Milverton""",,,,,,,,,,,,,,,,枯葉,,http://www1.bbiq.jp/kareha/trans/txt/charles_augustus_milverton.zip,2012-07-27,ShiftJIS,JIS X 0208,2,http://www1.bbiq.jp/kareha/trans/html/charles_augustus_milverton.html,2012-07-27,ShiftJIS,JIS X 0208,2
003394,ノーウッドの建築家,ノーウッドのけんちくか,のおうつとのけんちくか,,,THE ADVENTURE OF THE NORWOOD BUILDER,,NDC K933,新字新仮名,あり,2001-06-12,2014-09-17,https://www.aozora.gr.jp/cards/000009/card3394.html,000009,ドイル,アーサー・コナン,ドイル,アーサー・コナン,といる,ああさあこなん,Doyle,Arthur Conan,著者,1859-05-22,1930-07-07,なし,"""The Return of Sherlock Holmes""所収 ""The Adventure of the Norwood Builder""",,,,,,,,,,,,,,,,枯葉,,"http://www1.bbiq.jp/kareha/trans/txt/norwood_builder,_the.zip",2012-07-27,ShiftJIS,JIS X 0208,2,"http://www1.bbiq.jp/kareha/trans/html/norwood_builder,_the.html",2012-07-27,ShiftJIS,JIS X 0208,2
003395,ブルー・カーバンクル,ブルー・カーバンクル,ふるうかあはんくる,,,THE ADVENTURE OF THE BLUE CARBUNCLE,,NDC K933,新字新仮名,あり,2001-06-12,2014-09-17,https://www.aozora.gr.jp/cards/000009/card3395.html,000009,ドイル,アーサー・コナン,ドイル,アーサー・コナン,といる,ああさあこなん,Doyle,Arthur Conan,著者,1859-05-22,1930-07-07,なし,"""The Adventure of Sherlock Holmes""所収 ""The Adventure of the Blue Carbuncle""",,,,,,,,,,,,,,,,枯葉,,"http://www1.bbiq.jp/kareha/trans/txt/blue_carbuncle,_the.zip",2012-07-27,ShiftJIS,JIS X 0208,3,"http://www1.bbiq.jp/kareha/trans/html/blue_carbuncle,_the.html",2012-07-27,ShiftJIS,JIS X 0208,3
000535,まだらの紐をめぐる冒険,まだらのひもをめぐるぼうけん,またらのひもをめくるほうけん,,,The Adventure of the Speckled Band,,NDC K933,新字新仮名,あり,2000-03-02,2014-09-17,https://www.aozora.gr.jp/cards/000009/card535.html,000009,ドイル,アーサー・コナン,ドイル,アーサー・コナン,といる,ああさあこなん,Doyle,Arthur Conan,著者,1859-05-22,1930-07-07,なし,,,,,,,,,,,,,,,,,,,,,,,,http://cosmoshouse.com/works/speckled/madara.htm,2009-11-28,ShiftJIS,JIS X 0208,2
000338,最後の、そして始まりのエデン,さいごの、そしてはじまりのエデン,さいこのそしてはしまりのえてん,,,,,NDC 913,新字新仮名,あり,1997-10-08,2014-09-17,https://www.aozora.gr.jp/cards/000041/card338.html,000041,徳永,真一,とくなが,しんいち,とくなか,しんいち,Tokunaga,Shin'ichi,著者,1973,,あり,,,,,,,,,,,,,,,,,徳永真一,,,,,,,http://www.k4.dion.ne.jp/~ton/novel/ed/index.html,2005-08-31,ShiftJIS,JIS X 0208,1
000355,イギリス観光旅行,イギリスかんこうりょこう,いきりすかんこうりよこう,,,,,NDC 911,新字新仮名,あり,1998-02-04,2014-09-17,https://www.aozora.gr.jp/cards/000047/card355.html,000047,長尾,高弘,ながお,たかひろ,なかお,たかひろ,Nagao,Takahiro,著者,1960,,あり,イギリス観光旅行,昧爽社,1996年10月30日,,,,,,,,,,,,,,長尾高弘,,,,,,,http://www.longtail.co.jp/eng/,1998-02-04,ShiftJIS,JIS X 0208,0
000826,天国と地獄の結婚,てんごくとじごくのけっこん,てんこくとしこくのけつこん,,,The Marriage of Heaven and Hell,,NDC 931,新字新仮名,あり,1998-02-04,2014-09-17,https://www.aozora.gr.jp/cards/000115/card826.html,000047,長尾,高弘,ながお,たかひろ,なかお,たかひろ,Nagao,Takahiro,翻訳者,1960,,あり,オンラインオリジナル,,,,,"The Complete Poetry & Prose of William Blake<BR>Ed. David V. Erdman, 1988",,,,,,,,,,,長尾高弘,,,,,,,http://www.longtail.co.jp/mhh/,1998-02-04,ShiftJIS,JIS X 0208,0
000612,長い夢,ながいゆめ,なかいゆめ,,,,,NDC 911,新字新仮名,あり,1998-02-04,2014-09-17,https://www.aozora.gr.jp/cards/000047/card612.html,000047,長尾,高弘,ながお,たかひろ,なかお,たかひろ,Nagao,Takahiro,著者,1960,,あり,長い夢,昧爽社,1995（平成7）年7月15日,,,,,,,,,,,,,,長尾高弘,,,,,,,http://www.longtail.co.jp/ld/,1998-02-04,ShiftJIS,JIS X 0208,0
000609,無垢と経験のうた,むくとけいけんのうた,むくとけいけんのうた,,,,,NDC 931,新字新仮名,あり,1998-02-04,2014-09-17,https://www.aozora.gr.jp/cards/000115/card609.html,000047,長尾,高弘,ながお,たかひろ,なかお,たかひろ,Nagao,Takahiro,翻訳者,1960,,あり,オンラインオリジナル,,,,,"The Complete Poetry & Prose of William Blake <BR>Ed. David V. Erdman, 1988",,,,,,,,,,,長尾高弘,,,,,,,http://www.longtail.co.jp/sise/,1998-02-04,ShiftJIS,JIS X 0208,0
000803,砂の惑星,すなのわくせい,すなのわくせい,,,,,NDC 913,新字新仮名,あり,1998-02-06,2014-09-17,https://www.aozora.gr.jp/cards/000062/card803.html,000062,西川,光男,にしかわ,みつお,にしかわ,みつお,Nishikawa,Mitsuo,著者,,,あり,,,,,,,,,,,,,,,,,西川光男,,,,,,,,,,,
000381,メガネをかけたフクロウ君,メガネをかけたフクロウくん,めかねをかけたふくろうくん,,,,,NDC 913,新字新仮名,あり,1998-02-23,2014-09-17,https://www.aozora.gr.jp/cards/000062/card381.html,000062,西川,光男,にしかわ,みつお,にしかわ,みつお,Nishikawa,Mitsuo,著者,,,あり,,,,,,,,,,,,,,,,,西川光男,,,,,,,,,,,
000860,著作権法,ちょさくけんほう,ちよさくけんほう,,,,,NDC 021,新字新仮名,なし,1997-12-02,2014-09-17,https://www.aozora.gr.jp/cards/001528/card860.html,001528,日本国,,にほんこく,,にほんこく,,Nihonkoku,,著者,,,なし,,,,,,,,,,,,,,,,,田川諭,,,,,,,http://www.ron.gr.jp/law/law/chosaku.htm,1997-12-02,ShiftJIS,JIS X 0208,0
002258,お日様のあるうちに,おひさまのあるうちに,おひさまのあるうちに,,,While the Sun Shines,,NDC 932,新字新仮名,あり,1999-06-07,2014-09-17,https://www.aozora.gr.jp/cards/000336/card2258.html,000181,能美,武功,のうみ,たけのり,のうみ,たけのり,Nomi,Takenori,翻訳者,,,あり,,,,,,,,,,,,,,,,,能美武功,,,,,,,http://www.01.246.ne.jp/~tnoumi/noumi1/eng.html,1999-06-07,ShiftJIS,JIS X 0208,0
000520,侯爵夫人,こうしゃくふじん,こうしやくふしん,,,The Marquise,,NDC 932,新字新仮名,あり,1999-03-12,2014-09-17,https://www.aozora.gr.jp/cards/000223/card520.html,000181,能美,武功,のうみ,たけのり,のうみ,たけのり,Nomi,Takenori,翻訳者,,,あり,,,,,,,,,,,,,,,,,能美武功,,http://www.01.246.ne.jp/~tnoumi/noumi1/eng.html,1999-03-12,ShiftJIS,JIS X 0208,0,http://www.01.246.ne.jp/~tnoumi/noumi1/eng.html,1999-03-12,ShiftJIS,JIS X 0208,0
002260,蠱惑草,こわくそう,こわくそう,,,Love in Idleness,,NDC 932,新字新仮名,あり,1999-06-12,2014-09-17,https://www.aozora.gr.jp/cards/000336/card2260.html,000181,能美,武功,のうみ,たけのり,のうみ,たけのり,Nomi,Takenori,翻訳者,,,あり,,,,,,,,,,,,,,,,,能美武功,,,,,,,http://www.01.246.ne.jp/~tnoumi/noumi1/eng.html,1999-06-12,ShiftJIS,JIS X 0208,0
000944,ザディッグ　又は　宿命,ザディッグ　または　しゅくめい,さていつくまたはしゆくめい,,,,,NDC 953,新字新仮名,あり,1998-08-06,2014-09-17,https://www.aozora.gr.jp/cards/000180/card944.html,000181,能美,武功,のうみ,たけのり,のうみ,たけのり,Nomi,Takenori,翻訳者,,,あり,,,,,,,,,,,,,,,,,能美武功,,http://www.01.246.ne.jp/~tnoumi/noumi1/etc.html,1998-08-06,ShiftJIS,JIS X 0208,0,http://www.01.246.ne.jp/~tnoumi/noumi1/etc.html,1998-08-06,ShiftJIS,JIS X 0208,0
002268,シルヴィアって誰？,シルヴィアってだれ？,しるういあつてたれ,,,,,NDC 932,新字新仮名,あり,1999-06-19,2014-09-17,https://www.aozora.gr.jp/cards/000336/card2268.html,000181,能美,武功,のうみ,たけのり,のうみ,たけのり,Nomi,Takenori,翻訳者,,,あり,,,,,,,,,,,,,,,,,能美武功,,,,,,,http://www.01.246.ne.jp/~tnoumi/noumi1/eng.html,1999-06-19,ShiftJIS,JIS X 0208,0
003502,真実は銘々に,しんじつはめいめいに,しんしつはめいめいに,,,Cosi e  (se vi pare),,NDC 972,新字新仮名,あり,2001-07-05,2014-09-17,https://www.aozora.gr.jp/cards/000887/card3502.html,000181,能美,武功,のうみ,たけのり,のうみ,たけのり,Nomi,Takenori,翻訳者,,,あり,,,,,,,,,,,,,,,,,能美武功,,,,,,,http://www.01.246.ne.jp/~tnoumi/noumi1/ita.html,2001-07-05,ShiftJIS,JIS X 0208,0
002283,椿姫,つばきひめ,つはきひめ,,,Variation on a Theme,,NDC 932,新字新仮名,あり,1999-08-19,2014-09-17,https://www.aozora.gr.jp/cards/000336/card2283.html,000181,能美,武功,のうみ,たけのり,のうみ,たけのり,Nomi,Takenori,翻訳者,,,あり,,,,,,,,,,,,,,,,,能美武功,,,,,,,http://www.01.246.ne.jp/~tnoumi/noumi1/eng.html,1999-08-19,ShiftJIS,JIS X 0208,0
002286,涙なしのフランス語,なみだなしのフランスご,なみたなしのふらんすこ,,,French without Tears,,NDC 932,新字新仮名,あり,1999-05-20,2014-09-17,https://www.aozora.gr.jp/cards/000336/card2286.html,000181,能美,武功,のうみ,たけのり,のうみ,たけのり,Nomi,Takenori,翻訳者,,,あり,,,,,,,,,,,,,,,,,能美武功,,,,,,,http://www.01.246.ne.jp/~tnoumi/noumi1/eng.html,1999-05-20,ShiftJIS,JIS X 0208,0
002287,眠りの森の王子,ねむりのもりのおうじ,ねむりのもりのおうし,,,The Sleeping Prince,,NDC 932,新字新仮名,あり,1999-07-07,2014-09-17,https://www.aozora.gr.jp/cards/000336/card2287.html,000181,能美,武功,のうみ,たけのり,のうみ,たけのり,Nomi,Takenori,翻訳者,,,あり,,,,,,,,,,,,,,,,,能美武功,,,,,,,http://www.01.246.ne.jp/~tnoumi/noumi1/eng.html,1999-07-07,ShiftJIS,JIS X 0208,0
000368,裸の王様,はだかのおおさま,はたかのおおさま,,,Golyi Korol,,NDC 982,新字新仮名,あり,2000-07-21,2014-09-17,https://www.aozora.gr.jp/cards/000210/card368.html,000181,能美,武功,のうみ,たけのり,のうみ,たけのり,Nomi,Takenori,翻訳者,,,あり,,,,,,,,,,,,,,,,,能美武功,,,,,,,http://www.01.246.ne.jp/~tnoumi/noumi1/rus.html,2000-07-21,ShiftJIS,JIS X 0208,0
002290,深く青い海,ふかくあおいうみ,ふかくあおいうみ,,,Deep Blue Sea,,NDC 932,新字新仮名,あり,1999-06-25,2014-09-17,https://www.aozora.gr.jp/cards/000336/card2290.html,000181,能美,武功,のうみ,たけのり,のうみ,たけのり,Nomi,Takenori,翻訳者,,,あり,,,,,,,,,,,,,,,,,能美武功,,,,,,,http://www.01.246.ne.jp/~tnoumi/noumi1/eng.html,1999-06-25,ShiftJIS,JIS X 0208,0
002291,炎の道,ほのおのみち,ほのおのみち,,,Flare Path,,NDC 932,新字新仮名,あり,1999-05-27,2014-09-17,https://www.aozora.gr.jp/cards/000336/card2291.html,000181,能美,武功,のうみ,たけのり,のうみ,たけのり,Nomi,Takenori,翻訳者,,,あり,,,,,,,,,,,,,,,,,能美武功,,,,,,,http://www.01.246.ne.jp/~tnoumi/noumi1/eng.html,1999-05-27,ShiftJIS,JIS X 0208,0
002293,銘々のテーブル,めいめいのテーブル,めいめいのてえふる,,,The Separate Tables,,NDC 932,新字新仮名,あり,1999-07-21,2014-09-17,https://www.aozora.gr.jp/cards/000336/card2293.html,000181,能美,武功,のうみ,たけのり,のうみ,たけのり,Nomi,Takenori,翻訳者,,,あり,,,,,,,,,,,,,,,,,能美武功,,,,,,,http://www.01.246.ne.jp/~tnoumi/noumi1/eng.html,1999-07-21,ShiftJIS,JIS X 0208,0
000672,落窪物語,おちくぼものがたり,おちくほものかたり,,,,,NDC 913,新字新仮名,あり,1998-10-06,2014-09-17,https://www.aozora.gr.jp/cards/001529/card672.html,000128,長谷,悟,はせ,さとる,はせ,さとる,Hase,Satoru,翻訳者,,,あり,,,,,,,,,,,,,,,,,長谷悟,,http://www.geocities.jp/hase5732/index.html,2006-11-29,ShiftJIS,JIS X 0208,1,,,,,
000347,易経,えききょう,えききよう,,,,,NDC 123 148,その他,あり,1997-09-03,2014-09-17,https://www.aozora.gr.jp/cards/000088/card347.html,000088,長谷川,集平,はせがわ,しゅうへい,はせかわ,しゆうへい,Hasegawa,Shuhei,著者,1955,,あり,江戸明治期の木版本,,,,,中国古典,,,,,,,,,,,師尾潤、長谷川集平,,,,,,,,,,,
000516,こんちりさんのりやく,こんちりさんのりやく,こんちりさんのりやく,,,,,NDC 198,新字新仮名,あり,1997-09-03,2014-09-17,https://www.aozora.gr.jp/cards/000088/card516.html,000088,長谷川,集平,はせがわ,しゅうへい,はせかわ,しゆうへい,Hasegawa,Shuhei,著者,1955,,あり,,,,,,長崎大司教館所蔵,,,,,,,,,,,長谷川集平,,,,,,,,,,,
000516,こんちりさんのりやく,こんちりさんのりやく,こんちりさんのりやく,,,,,NDC 198,新字新仮名,あり,1997-09-03,2014-09-17,https://www.aozora.gr.jp/cards/000088/card516.html,000088,長谷川,集平,はせがわ,しゅうへい,はせかわ,しゆうへい,Hasegawa,Shuhei,翻訳者,1955,,あり,,,,,,長崎大司教館所蔵,,,,,,,,,,,長谷川集平,,,,,,,,,,,
000704,サブの馬鹿,サブのばか,さふのはか,,,,,NDC 913,新字新仮名,あり,1997-09-03,2014-09-17,https://www.aozora.gr.jp/cards/000088/card704.html,000088,長谷川,集平,はせがわ,しゅうへい,はせかわ,しゆうへい,Hasegawa,Shuhei,著者,1955,,あり,,,,,,,,,,,,,,,,,長谷川集平,,,,,,,,,,,
000734,長崎絵本セミナリヨ七ヶ条,ながさきえほんセミナリヨななかじょう,なかさきえほんせみなりよななかしよう,,,,,NDC 913,新字新仮名,あり,1997-09-03,2014-09-17,https://www.aozora.gr.jp/cards/000088/card734.html,000088,長谷川,集平,はせがわ,しゅうへい,はせかわ,しゆうへい,Hasegawa,Shuhei,著者,1955,,あり,,,,,,,,,,,,,,,,,長谷川集平,,,,,,,,,,,
000910,夜の三角形,よるのさんかくけい,よるのさんかくけい,,,,,NDC K913,新字新仮名,あり,1998-03-07,2014-09-17,https://www.aozora.gr.jp/cards/000088/card910.html,000088,長谷川,集平,はせがわ,しゅうへい,はせかわ,しゆうへい,Hasegawa,Shuhei,著者,1955,,あり,夜の三角形,理論社,1984（昭和59）年,,,,,,,,,,,,,,曽我祐未,,,,,,,,,,,
000747,スレイヴ,スレイヴ,すれいう,パソコン音痴のカメイ課長が電脳作家になる物語,パソコンおんちのカメイかちょうがでんのうさっかになるものがたり,,,NDC 913,新字新仮名,あり,1998-08-22,2018-07-07,https://www.aozora.gr.jp/cards/000144/card747.html,000144,畑仲,哲雄,はたなか,てつお,はたなか,てつお,Hatanaka,Tetsuo,著者,1961-09,,あり,,,,,,,,,,,,,,,,,畑仲哲雄,,http://hata.la.coocan.jp/slave/,2018-07-07,ShiftJIS,JIS X 0208,2,http://hata.la.coocan.jp/slave/,2018-07-07,ShiftJIS,JIS X 0208,2
055304,ガルシアへの手紙,ガルシアへのてがみ,かるしあへのてかみ,,,A MESSAGE TO GARCIA,,NDC 159,新字新仮名,あり,2012-07-01,2022-02-10,https://www.aozora.gr.jp/cards/001725/card55304.html,001725,ハバード,エルバート,ハバード,エルバート,ははあと,えるはあと,Hubbard,Elbert,著者,1856-06-19,1915-05-07,なし,,,,,,,,,,,,,,,,,,,http://www.e-freetext.net/garcia.txt,2012-06-15,ShiftJIS,JIS X 0208,0,http://e-freetext.net/garcia/,2022-02-10,UTF-8,Unicode,1
057878,通貨改革,つうかかいかく,つうかかいかく,アイスランドのためのより優れた通貨制度,アイスランドのためのよりすぐれたつうかせいど,Monetary Reform - A Better Monetary System for Iceland,,NDC 337,新字新仮名,あり,2016-07-22,2016-06-07,https://www.aozora.gr.jp/cards/001877/card57878.html,001878,早川,健治,はやかわ,けんじ,はやかわ,けんし,Hayakawa,Kenji,翻訳者,1989,,あり,,,,,,,,,,,,,,,,,早川健治,,,,,,,,,,,
000604,十八歳のモノローグ,じゅうはっさいのモノローグ,しゆうはつさいのものろおく,,,,,NDC 913,新字新仮名,あり,2000-06-26,2014-09-17,https://www.aozora.gr.jp/cards/000028/card604.html,000028,早見,秋,はやみ,あき,はやみ,あき,Hayami,Aki,著者,1969,,あり,レズビアン・ライフ,海越出版社,1999（平成11）年6月8日,,,,,,,,,,,,,,早見秋,,http://www3.ocn.ne.jp/~hayami4/mono.TXT,2000-06-26,ShiftJIS,JIS X 0208,0,http://www3.ocn.ne.jp/~hayami4/mono.htm,2000-06-26,ShiftJIS,JIS X 0208,0
000800,装飾の性,そうしょくのせい,そうしよくのせい,,,,,NDC 913,新字新仮名,あり,2000-06-26,2014-09-17,https://www.aozora.gr.jp/cards/000028/card800.html,000028,早見,秋,はやみ,あき,はやみ,あき,Hayami,Aki,著者,1969,,あり,装飾の性,近代文藝社,1995（平成7）年4月20日,,,,,,,,,,,,,,早見秋,,http://www3.ocn.ne.jp/~hayami4/soushoku.TXT,2000-06-26,ShiftJIS,JIS X 0208,0,http://www3.ocn.ne.jp/~hayami4/soushoku.htm,2000-06-26,ShiftJIS,JIS X 0208,0
000225,レズビアン・ライフ,レズビアン・ライフ,れすひあんらいふ,,,,,NDC 913,新字新仮名,あり,2000-06-26,2014-09-17,https://www.aozora.gr.jp/cards/000028/card225.html,000028,早見,秋,はやみ,あき,はやみ,あき,Hayami,Aki,著者,1969,,あり,レズビアン・ライフ,海越出版社,1999（平成11）年6月8日,,,,,,,,,,,,,,早見秋,,http://www3.ocn.ne.jp/~hayami4/bianlife.TXT,2000-06-26,ShiftJIS,JIS X 0208,0,http://www3.ocn.ne.jp/~hayami4/bianlife.htm,2000-06-26,ShiftJIS,JIS X 0208,0
000971,山上冬芽,さんじょうとうが,さんしようとうか,,,,,NDC 911,新字新仮名,あり,1997-10-28,2014-09-17,https://www.aozora.gr.jp/cards/000193/card971.html,000193,久森,謙二,ひさもり,けんじ,ひさもり,けんし,Hisamori,Kenji,著者,1940-08-09,,あり,,,,,,,,,,,,,,,,,久森謙二,,,,,,,,,,,
000735,選挙のユーザー インターフェイス,せんきょのユーザー インターフェイス,せんきよのゆうさあいんたあふえいす,,,,,NDC 314,新字新仮名,あり,1998-01-19,2014-09-17,https://www.aozora.gr.jp/cards/000138/card735.html,000138,翡翠,,ひすい,,ひすい,,Hisui,,著者,,,あり,,,,,,,,,,,,,,,,,翡翠,,,,,,,,,,,
000366,漁民解体,ぎょみんかいたい,きよみんかいたい,岩内郡漁協と原発計画,いわないぐんぎょきょうとげんぱつけいかく,,,NDC 916,新字新仮名,あり,1998-09-05,2014-09-17,https://www.aozora.gr.jp/cards/000056/card366.html,000056,平田,剛士,ひらた,つよし,ひらた,つよし,Hirata,Tsuyoshi,著者,1964,,あり,,,,,,,,,,,,,,,,,平田剛士,,http://attic.neophilia.co.jp/aozora/zipfiles/gyominkaitai.zip,1998-09-05,ShiftJIS,JIS X 0208,0,http://attic.neophilia.co.jp/aozora/htmlban/gyominkaitai.html,1998-09-05,ShiftJIS,JIS X 0208,0
003502,真実は銘々に,しんじつはめいめいに,しんしつはめいめいに,,,Cosi e  (se vi pare),,NDC 972,新字新仮名,あり,2001-07-05,2014-09-17,https://www.aozora.gr.jp/cards/000887/card3502.html,000887,ピランデルロ,ルイジ,ピランデルロ,ルイジ,ひらんてるろ,るいし,Pirandello,Luigi,著者,1867-06-28,1936-12-10,なし,,,,,,,,,,,,,,,,,能美武功,,,,,,,http://www.01.246.ne.jp/~tnoumi/noumi1/ita.html,2001-07-05,ShiftJIS,JIS X 0208,0
048195,月の子たち,つきのこたち,つきのこたち,,,CHILDREN OF THE MOON,,NDC K933,新字新仮名,あり,2008-03-16,2014-09-21,https://www.aozora.gr.jp/cards/001279/card48195.html,001280,hiro,,ひろ,,ひろ,,hiro,,翻訳者,,,あり,,,,,,,,,,,,,,,,,,,http://www.hm10.aitai.ne.jp/~reisiki/middleton/moon_child.zip,2010-11-10,ShiftJIS,JIS X 0208,1,http://www.hm10.aitai.ne.jp/~reisiki/middleton/moon_child.html,2010-11-10,ShiftJIS,JIS X 0208,1
047033,ブライトン街道にて,ブライトンかいどうにて,ふらいとんかいとうにて,,,,,NDC 933,新字新仮名,あり,2007-04-14,2014-09-21,https://www.aozora.gr.jp/cards/001279/card47033.html,001280,hiro,,ひろ,,ひろ,,hiro,,翻訳者,,,あり,,,,,,,,,,,,,,,,,,,http://www.hm10.aitai.ne.jp/~reisiki/middleton/brighton_road.zip,2010-11-10,ShiftJIS,JIS X 0208,1,http://www.hm10.aitai.ne.jp/~reisiki/middleton/brighton_road.html,2010-11-10,ShiftJIS,JIS X 0208,1
004831,グレイト・ギャツビー,グレイト・ギャツビー,くれいときやつひい,,,THE GREAT GATSBY,,NDC 933,新字新仮名,あり,2002-10-15,2014-09-17,https://www.aozora.gr.jp/cards/001036/card4831.html,001036,フィッツジェラルド,フランシス・スコット,フィッツジェラルド,フランシス・スコット,ふいつつしえらると,ふらんしすすこつと,Fitzgerald,Francis Scott,著者,1896-9-24,1940-12-21,なし,,,,,,,,,,,,,,,,,,,"http://www1.bbiq.jp/kareha/trans/txt/great_gatsby,_the.zip",2012-07-27,ShiftJIS,JIS X 0208,1,"http://www1.bbiq.jp/kareha/trans/html/great_gatsby,_the.html",2012-07-27,ShiftJIS,JIS X 0208,1
000643,日本の詩はどこにあるか・続,にほんのしはどこにあるか・ぞく,にほんのしはとこにあるかそく,,,,,NDC 911,新字新仮名,あり,1997-11-25,2014-09-17,https://www.aozora.gr.jp/cards/000110/card643.html,000110,藤井,貞和,ふじい,さだかず,ふしい,さたかす,Fujii,Sadakazu,著者,1942,,あり,ピューリファイ、ピューリファイ！,書肆山田,1990（平成2）年7月30日,,,,,,,,,,,,,,八巻美恵,,http://attic.neophilia.co.jp/aozora/zipfiles/nihonnosi.zip,1997-11-25,ShiftJIS,JIS X 0208,0,http://attic.neophilia.co.jp/aozora/htmlban/nihonnosi.html,1997-11-25,ShiftJIS,JIS X 0208,0
000554,民族詩学,みんぞくしがく,みんそくしかく,,,,,NDC 910,新字新仮名,あり,1997-09-05,2014-09-17,https://www.aozora.gr.jp/cards/000110/card554.html,000110,藤井,貞和,ふじい,さだかず,ふしい,さたかす,Fujii,Sadakazu,著者,1942,,あり,,,,,,,,,,,,,,,,,八巻美恵,,http://attic.neophilia.co.jp/aozora/zipfiles/minnshi.zip,1999-05-24,ShiftJIS,JIS X 0208,1,,,,,
002889,アズ,アズ,あす,,,,,NDC 913,新字新仮名,あり,2001-03-07,2014-09-17,https://www.aozora.gr.jp/cards/000007/card2889.html,000007,藤下,真潮,ふじした,ましお,ふしした,ましお,Fujishita,Mashio,著者,1961,,あり,,,,,,,,,,,,,,,,,藤下真潮,,,,,,,http://www.asahi-net.or.jp/~xn2m-fjst/az_about.html,2002-01-08,ShiftJIS,JIS X 0208,1
000356,イブ,イブ,いふ,覚醒儀式,かくせいぎしき,,,NDC 913,新字新仮名,あり,1998-10-12,2014-09-17,https://www.aozora.gr.jp/cards/000007/card356.html,000007,藤下,真潮,ふじした,ましお,ふしした,ましお,Fujishita,Mashio,著者,1961,,あり,,,,,,,,,,,,,,,,,藤下真潮,,,,,,,http://www.asahi-net.or.jp/~xn2m-fjst/eve.htm,2002-01-08,ShiftJIS,JIS X 0208,1
000399,インターミッション,インターミッション,いんたあみつしよん,,,,,NDC 913,新字新仮名,あり,1998-12-13,2014-09-17,https://www.aozora.gr.jp/cards/000007/card399.html,000007,藤下,真潮,ふじした,ましお,ふしした,ましお,Fujishita,Mashio,著者,1961,,あり,,,,,,,,,,,,,,,,,藤下真潮,,,,,,,http://www.asahi-net.or.jp/~xn2m-fjst/intermission.htm,2002-01-08,ShiftJIS,JIS X 0208,1
000006,エア,エア,えあ,黄泉戸喫,よもつへぐい,,,NDC 913,新字新仮名,あり,1999-05-08,2014-09-17,https://www.aozora.gr.jp/cards/000007/card6.html,000007,藤下,真潮,ふじした,ましお,ふしした,ましお,Fujishita,Mashio,著者,1961,,あり,,,,,,,,,,,,,,,,,藤下真潮,,,,,,,http://www.asahi-net.or.jp/~xn2m-fjst/air.html,2002-01-08,ShiftJIS,JIS X 0208,1
000671,オリエントの舌,オリエントのした,おりえんとのした,,,,,NDC 596,新字新仮名,あり,1997-09-16,2014-09-17,https://www.aozora.gr.jp/cards/000127/card671.html,000127,藤本,和子,ふじもと,かずこ,ふしもと,かすこ,Fujimoto,Kazuko,著者,1939,,あり,砂漠の教室――イスラエル通信,河出書房新社,1978（昭和53）年11月25日,,,,,,,,,,,,,,八巻美恵,,http://attic.neophilia.co.jp/aozora/zipfiles/orient.zip,1998-10-22,ShiftJIS,JIS X 0208,1,http://attic.neophilia.co.jp/aozora/htmlban/orient.html,1998-10-22,ShiftJIS,JIS X 0208,1
003059,泥と雪,どろとゆき,とろとゆき,,,,,NDC 913,新字新仮名,あり,2001-04-14,2014-09-17,https://www.aozora.gr.jp/cards/000109/card3059.html,000109,冬,佳彰,ふゆ,よしあき,ふゆ,よしあき,Fuyu,Yoshiaki,著者,,,あり,,,,,,,,,,,,,,,,,冬佳彰,,https://googledrive.com/host/0ByCi2g5nmIdHc1REWjVuM2M3RUk/dorotoyuki.txt,2013-02-09,ShiftJIS,JIS X 0208,2,https://googledrive.com/host/0ByCi2g5nmIdHc1REWjVuM2M3RUk/dorotoyuki.html,2013-02-09,ShiftJIS,JIS X 0208,2
000553,水底の星々,みなそこのほしぼし,みなそこのほしほし,,,,,NDC 913,新字新仮名,あり,2000-05-01,2014-09-17,https://www.aozora.gr.jp/cards/000109/card553.html,000109,冬,佳彰,ふゆ,よしあき,ふゆ,よしあき,Fuyu,Yoshiaki,著者,,,あり,,,,,,,,,,,,,,,,,冬佳彰,,,,,,,https://googledrive.com/host/0ByCi2g5nmIdHc1REWjVuM2M3RUk/minasoko.html,2013-02-09,ShiftJIS,JIS X 0208,0
004333,クリトン,クリトン,くりとん,,,CRITO,,NDC 131,新字新仮名,あり,2000-12-20,2022-02-10,https://www.aozora.gr.jp/cards/000915/card4333.html,000915,プラトン,,プラトン,,ふらとん,,Plato,,著者,前427,前347,なし,,,,,,,,,,,,,,,,,sogo,,http://www.e-freetext.net/critoj.txt,2002-08-28,ShiftJIS,JIS X 0208,1,http://e-freetext.net/crito/,2022-02-10,UTF-8,Unicode,2
054927,ババールとサンタのおじさん,ババールとサンタのおじさん,ははあるとさんたのおしさん,,,BABAR ET LE PERE NOEL,,NDC K726,新字新仮名,あり,2012-04-21,2022-04-21,https://www.aozora.gr.jp/cards/001687/card54927.html,001687,ブリュノフ,ジャン・ド,ブリュノフ,ジャン・ド,ふりゆのふ,しやんと,Brunhoff,Jean de,著者,1899-12-09,1937-10-16,なし,,,,,,,,,,,,,,,,,大久保ゆう,,https://www.aozora.gr.jp/cards/001687/files/54927_txt_53431.zip,2014-05-03,ShiftJIS,JIS X 0208,0,https://puboo.jp/book/41023,2022-04-21,UTF-8,Unicode,1
000826,天国と地獄の結婚,てんごくとじごくのけっこん,てんこくとしこくのけつこん,,,The Marriage of Heaven and Hell,,NDC 931,新字新仮名,あり,1998-02-04,2014-09-17,https://www.aozora.gr.jp/cards/000115/card826.html,000115,ブレイク,ウィリアム,ブレイク,ウィリアム,ふれいく,ういりあむ,Blake,William,著者,1757-11-28,1827-8-12,なし,オンラインオリジナル,,,,,"The Complete Poetry & Prose of William Blake<BR>Ed. David V. Erdman, 1988",,,,,,,,,,,長尾高弘,,,,,,,http://www.longtail.co.jp/mhh/,1998-02-04,ShiftJIS,JIS X 0208,0
000609,無垢と経験のうた,むくとけいけんのうた,むくとけいけんのうた,,,,,NDC 931,新字新仮名,あり,1998-02-04,2014-09-17,https://www.aozora.gr.jp/cards/000115/card609.html,000115,ブレイク,ウィリアム,ブレイク,ウィリアム,ふれいく,ういりあむ,Blake,William,著者,1757-11-28,1827-8-12,なし,オンラインオリジナル,,,,,"The Complete Poetry & Prose of William Blake <BR>Ed. David V. Erdman, 1988",,,,,,,,,,,長尾高弘,,,,,,,http://www.longtail.co.jp/sise/,1998-02-04,ShiftJIS,JIS X 0208,0
055346,おひさまのたまご,おひさまのたまご,おひさまのたまこ,,,,,NDC K726,新字新仮名,あり,2012-08-07,2014-09-16,https://www.aozora.gr.jp/cards/001728/card55346.html,001728,ベスコフ,エルサ,ベスコフ,エルサ,へすこふ,えるさ,Beskow,Elsa,著者,1874-02-11,1953-06-30,なし,,,,,,,,,,,,,,,,,大久保ゆう,,https://www.aozora.gr.jp/cards/001728/files/55346_txt_53428.zip,2014-05-03,ShiftJIS,JIS X 0208,0,http://www.alz.jp/221b/aozora/solagget.html,2012-07-08,ShiftJIS,JIS X 0208,0
052676,ハイデガー博士の実験,ハイデガーはかせのじっけん,はいてかあはかせのしつけん,,,DR.HEIDEGGER'S EXPERIMENT,,NDC 933,新字新仮名,あり,2011-03-07,2021-10-22,https://www.aozora.gr.jp/cards/000905/card52676.html,000905,ホーソーン,ナサニエル,ホーソーン,ナサニエル,ほおそおん,なさにえる,Hawthorne,Nathaniel,著者,1804-07-04,1864-05-19,なし,,,,,,,,,,,,,,,,,,,,,,,,http://literature.hanagasumi.net/DRHEIDEGGERSEXPERIMENTJP.html,2021-10-22,UTF-8,Unicode,1
048219,ヤング　グッドマン　ブラウン,ヤング　グッドマン　ブラウン,やんくくつとまんふらうん,,,YOUNG GOODMAN BROWN,「New England Magazine」1835年4月,NDC 933,新字新仮名,あり,2008-03-18,2021-10-22,https://www.aozora.gr.jp/cards/000905/card48219.html,000905,ホーソーン,ナサニエル,ホーソーン,ナサニエル,ほおそおん,なさにえる,Hawthorne,Nathaniel,著者,1804-07-04,1864-05-19,なし,,,,,,,,,,,,,,,,,,,,,,,,http://literature.hanagasumi.net/YoungGoodmanBrownJP.html,2021-10-22,UTF-8,Unicode,3
054921,おねずみおばさんのはなし,おねずみおばさんのはなし,おねすみおはさんのはなし,,,THE TALE OF MRS. TITTLEMOUSE,,NDC K726,新字新仮名,あり,2012-04-09,2022-04-21,https://www.aozora.gr.jp/cards/001505/card54921.html,001505,ポター,ビアトリクス,ポター,ビアトリクス,ほたあ,ひあとりくす,Potter,Beatrix,著者,1866-07-28,1943-12-22,なし,,,,,,,,,,,,,,,,,大久保ゆう,,https://www.aozora.gr.jp/cards/001505/files/54921_txt_47238.zip,2014-04-03,ShiftJIS,JIS X 0208,2,https://puboo.jp/book/34442,2022-04-21,UTF-8,Unicode,1
055890,ジンジャー＆ピクルスのはなし,ジンジャーアンドピクルスのはなし,しんしやああんとひくるすのはなし,,,THE TALE OF GINGER AND PICKLES,,NDC K726,新字新仮名,あり,2013-02-02,2022-04-21,https://www.aozora.gr.jp/cards/001505/card55890.html,001505,ポター,ビアトリクス,ポター,ビアトリクス,ほたあ,ひあとりくす,Potter,Beatrix,著者,1866-07-28,1943-12-22,なし,,,,,,,,,,,,,,,,,大久保ゆう,,https://www.aozora.gr.jp/cards/001505/files/55890_txt_50051.zip,2014-04-03,ShiftJIS,JIS X 0208,1,https://puboo.jp/book/61967,2022-04-21,UTF-8,Unicode,1
054916,チギウィンクルおばさんのはなし,チギウィンクルおばさんのはなし,ちきういんくるおはさんのはなし,,,THE TALE OF MRS. TIGGY-WINKLE,,NDC K726,新字新仮名,あり,2012-04-09,2022-04-21,https://www.aozora.gr.jp/cards/001505/card54916.html,001505,ポター,ビアトリクス,ポター,ビアトリクス,ほたあ,ひあとりくす,Potter,Beatrix,著者,1866-07-28,1943-12-22,なし,,,,,,,,,,,,,,,,,大久保ゆう,,https://www.aozora.gr.jp/cards/001505/files/54916_txt_47230.zip,2014-04-03,ShiftJIS,JIS X 0208,1,https://puboo.jp/book/32823,2022-04-21,UTF-8,Unicode,1
054922,つまさきチミーのはなし,つまさきチミーのはなし,つまさきちみいのはなし,,,THE TALE OF TIMMY TIPTOES,,NDC K726,新字新仮名,あり,2012-04-09,2022-04-21,https://www.aozora.gr.jp/cards/001505/card54922.html,001505,ポター,ビアトリクス,ポター,ビアトリクス,ほたあ,ひあとりくす,Potter,Beatrix,著者,1866-07-28,1943-12-22,なし,,,,,,,,,,,,,,,,,大久保ゆう,,https://www.aozora.gr.jp/cards/001505/files/54922_txt_47240.zip,2014-04-03,ShiftJIS,JIS X 0208,1,https://puboo.jp/book/32094,2022-04-21,UTF-8,Unicode,1
054917,つりびとジェレミーさんのはなし,つりびとジェレミーさんのはなし,つりひとしえれみいさんのはなし,,,THE TALE OF MR. JEREMY FISHER,,NDC K726,新字新仮名,あり,2012-04-09,2022-04-21,https://www.aozora.gr.jp/cards/001505/card54917.html,001505,ポター,ビアトリクス,ポター,ビアトリクス,ほたあ,ひあとりくす,Potter,Beatrix,著者,1866-07-28,1943-12-22,なし,,,,,,,,,,,,,,,,,大久保ゆう,,https://www.aozora.gr.jp/cards/001505/files/54917_txt_47251.zip,2014-04-03,ShiftJIS,JIS X 0208,1,https://puboo.jp/book/33397,2022-04-21,UTF-8,Unicode,1
054919,ねこぬこタムのはなし,ねこぬこタムのはなし,ねこぬこたむのはなし,,,THE TALE OF TOM KITTEN,,NDC K726,新字新仮名,あり,2012-04-09,2022-04-21,https://www.aozora.gr.jp/cards/001505/card54919.html,001505,ポター,ビアトリクス,ポター,ビアトリクス,ほたあ,ひあとりくす,Potter,Beatrix,著者,1866-07-28,1943-12-22,なし,,,,,,,,,,,,,,,,,大久保ゆう,,https://www.aozora.gr.jp/cards/001505/files/54919_txt_47234.zip,2014-04-03,ShiftJIS,JIS X 0208,1,https://puboo.jp/book/33401,2022-04-21,UTF-8,Unicode,1
055889,パイとやきがたのはなし,パイとやきがたのはなし,はいとやきかたのはなし,,,THE TALE OF THE PIE AND THE PATTY-PAN,,NDC K726,新字新仮名,あり,2013-02-02,2022-04-21,https://www.aozora.gr.jp/cards/001505/card55889.html,001505,ポター,ビアトリクス,ポター,ビアトリクス,ほたあ,ひあとりくす,Potter,Beatrix,著者,1866-07-28,1943-12-22,なし,,,,,,,,,,,,,,,,,大久保ゆう,,https://www.aozora.gr.jp/cards/001505/files/55889_txt_50049.zip,2014-04-03,ShiftJIS,JIS X 0208,1,https://puboo.jp/book/61966,2022-04-21,UTF-8,Unicode,1
054923,まちねずジョニーのはなし,まちねずジョニーのはなし,まちねすしよにいのはなし,,,THE TALE OF JOHNNY TOWN-MOUSE,,NDC K726,新字新仮名,あり,2012-04-09,2022-04-21,https://www.aozora.gr.jp/cards/001505/card54923.html,001505,ポター,ビアトリクス,ポター,ビアトリクス,ほたあ,ひあとりくす,Potter,Beatrix,著者,1866-07-28,1943-12-22,なし,,,,,,,,,,,,,,,,,大久保ゆう,,https://www.aozora.gr.jp/cards/001505/files/54923_txt_47242.zip,2014-04-03,ShiftJIS,JIS X 0208,1,https://puboo.jp/book/32112,2022-04-21,UTF-8,Unicode,1
054920,みずかきジェマイマのはなし,みずかきジェマイマのはなし,みすかきしえまいまのはなし,,,THE TALE OF JEMIMA PUDDLE-DUCK,,NDC K726,新字新仮名,あり,2012-04-09,2022-04-21,https://www.aozora.gr.jp/cards/001505/card54920.html,001505,ポター,ビアトリクス,ポター,ビアトリクス,ほたあ,ひあとりくす,Potter,Beatrix,著者,1866-07-28,1943-12-22,なし,,,,,,,,,,,,,,,,,大久保ゆう,,https://www.aozora.gr.jp/cards/001505/files/54920_txt_47236.zip,2014-04-03,ShiftJIS,JIS X 0208,1,https://puboo.jp/book/34826,2022-04-21,UTF-8,Unicode,1
054918,モペットちゃんのものがたり,モペットちゃんのものがたり,もへつとちやんのものかたり,,,THE STORY OF MISS MOPPET,,NDC K726,新字新仮名,あり,2012-04-09,2022-04-21,https://www.aozora.gr.jp/cards/001505/card54918.html,001505,ポター,ビアトリクス,ポター,ビアトリクス,ほたあ,ひあとりくす,Potter,Beatrix,著者,1866-07-28,1943-12-22,なし,,,,,,,,,,,,,,,,,大久保ゆう,,https://www.aozora.gr.jp/cards/001505/files/54918_txt_47232.zip,2014-04-03,ShiftJIS,JIS X 0208,1,https://puboo.jp/book/32471,2022-04-21,UTF-8,Unicode,1
000895,大伴家持論１,おおともやかもちろんいち,おおともやかもちろんいち,1（前編）,1（ぜんぺん）,,,NDC 911,新字新仮名,あり,1999-01-07,2021-11-01,https://www.aozora.gr.jp/cards/000167/card895.html,000167,町野,修三,まちの,しゅうぞう,まちの,しゆうそう,Machino,Shuzo,著者,1943-11-18,2002-12-05,あり,大伴家持論1,短歌新聞社,1992（平成4）年3月25日,,,,,,,,,,,,,,,,,,,,,,,,,
000896,大伴家持論１,おおともやかもちろんいち,おおともやかもちろんいち,2（後編）,2（こうへん）,,,NDC 911,新字新仮名,あり,1999-02-11,2021-11-01,https://www.aozora.gr.jp/cards/000167/card896.html,000167,町野,修三,まちの,しゅうぞう,まちの,しゆうそう,Machino,Shuzo,著者,1943-11-18,2002-12-05,あり,大伴家持論1,短歌新聞社,1992（平成4）年3月25日,,,,,,,,,,,,,,,,,,,,,,,,,
057333,自由への決断,じゆうへのけつだん,しゆうへのけつたん,今日と明日を思索するミーゼスの経済学,きょうとあすをしさくするミーゼスのけいざいがく,Economic Policy: Thoughts for Today and Tomorrow,,NDC 331,新字新仮名,あり,2015-10-11,2015-08-30,https://www.aozora.gr.jp/cards/001844/card57333.html,001844,ミーゼス,ルートヴィヒ・フォン,ミーゼス,ルートヴィヒ・フォン,みいせす,るうとういひふおん,Mises,Ludwig Heinrich Edler von,著者,1881-09-29,1973-10-10,あり,,,,,,,,,,,,,,,,,,,,,,,,,,,,
000750,英語対訳版草木塔抄他／Fire on the Mountain,えいごたいやくばんそうもくとうしょうほか／ファイア　オン　ザ　マウンテン,えいこたいやくはんそうもくとうしようほかふあいあおんさまうんてん,,,,,NDC 911,新字旧仮名,あり,1998-05-18,2015-08-16,https://www.aozora.gr.jp/cards/000146/card750.html,000147,三浦,久,みうら,ひさし,みうら,ひさし,Miura,Hisashi,翻訳者,1945,,あり,山頭火句集,ちくま文庫、筑摩書房,,,,山頭火全集,春陽堂書店,,山頭火文庫・句集四,春陽堂書店,,,,,,,浜野安紀子、浜野智,,http://www.lcv.ne.jp/~ibs52086/fire.zip,2015-08-16,ShiftJIS,JIS X 0208,3,http://www.lcv.ne.jp/~ibs52086/fire/,2015-08-16,UTF-8,JIS X 0208,3
048195,月の子たち,つきのこたち,つきのこたち,,,CHILDREN OF THE MOON,,NDC K933,新字新仮名,あり,2008-03-16,2014-09-21,https://www.aozora.gr.jp/cards/001279/card48195.html,001279,ミドルトン,リチャード・バラム,ミドルトン,リチャード・バラム,みとるとん,りちやあとはらむ,Middleton,Richard Barham,著者,1882-10-28,1911-12-01,なし,,,,,,,,,,,,,,,,,,,http://www.hm10.aitai.ne.jp/~reisiki/middleton/moon_child.zip,2010-11-10,ShiftJIS,JIS X 0208,1,http://www.hm10.aitai.ne.jp/~reisiki/middleton/moon_child.html,2010-11-10,ShiftJIS,JIS X 0208,1
047033,ブライトン街道にて,ブライトンかいどうにて,ふらいとんかいとうにて,,,,,NDC 933,新字新仮名,あり,2007-04-14,2014-09-21,https://www.aozora.gr.jp/cards/001279/card47033.html,001279,ミドルトン,リチャード・バラム,ミドルトン,リチャード・バラム,みとるとん,りちやあとはらむ,Middleton,Richard Barham,著者,1882-10-28,1911-12-01,なし,,,,,,,,,,,,,,,,,,,http://www.hm10.aitai.ne.jp/~reisiki/middleton/brighton_road.zip,2010-11-10,ShiftJIS,JIS X 0208,1,http://www.hm10.aitai.ne.jp/~reisiki/middleton/brighton_road.html,2010-11-10,ShiftJIS,JIS X 0208,1
052156,彼の追憶,かれのついおく,かれのついおく,R.S.の伝記,アールエスのでんき,AS I REMEMBER HIM,,NDC 289,新字新仮名,あり,2010-10-01,2014-09-21,https://www.aozora.gr.jp/cards/001493/card52156.html,001494,水上,茂樹,みなかみ,しげき,みなかみ,しけき,Minakami,Shigeki,翻訳者,,,あり,,,,,,,,,,,,,,,,,,,,,,,,http://www.geocities.jp/minakami30jp/rs/rs.html,2010-10-04,ShiftJIS,JIS X 0208,1
000457,春と修羅,はるとしゅら,はるとしゆら,,,,,NDC 911,新字新仮名,なし,1998-10-24,2014-09-17,https://www.aozora.gr.jp/cards/000081/card457.html,000081,宮沢,賢治,みやざわ,けんじ,みやさわ,けんし,Miyazawa,Kenji,著者,1896-08-27,1933-09-21,なし,復刻初版本,関根書店、日米教育関係学会,1924（大正13）年4月20日,1995（平成7）年12月１日復刻,,,,,,,,,,,,,渡辺宏,,,,,,,http://why.kenji.ne.jp/haruto/sinla4.html,2003-01-06,ShiftJIS,JIS X 0208,2
000362,源氏物語,げんじものがたり,けんしものかたり,,,,,NDC 913,新字新仮名,なし,1998-07-21,2014-09-17,https://www.aozora.gr.jp/cards/000052/card362.html,000052,紫式部,,むらさき しきぶ,,むらさきしきふ,,Murasaki Shikibu,,著者,,,なし,日本文学全集2、3,河出書房,,,,,,,,,,,,,,,長谷悟,,,,,,,http://attic.neophilia.co.jp/aozora/genjimonogatari/htmlfiles/index.html,1998-07-21,ShiftJIS,JIS X 0208,0
057333,自由への決断,じゆうへのけつだん,しゆうへのけつたん,今日と明日を思索するミーゼスの経済学,きょうとあすをしさくするミーゼスのけいざいがく,Economic Policy: Thoughts for Today and Tomorrow,,NDC 331,新字新仮名,あり,2015-10-11,2015-08-30,https://www.aozora.gr.jp/cards/001844/card57333.html,001845,村田,稔雄,むらた,としお,むらた,としお,Murata,Toshio,翻訳者,1923,,あり,,,,,,,,,,,,,,,,,,,,,,,,,,,,
000451,片山くんが行く,かたやまくんがいく,かたやまくんかいく,,,,,NDC 290 915 916,新字新仮名,あり,2000-05-27,2015-05-27,https://www.aozora.gr.jp/cards/000079/card451.html,000079,森野,光,もりの,みつる,もりの,みつる,Morino,Mitsuru,著者,,,あり,,,,,,,,,,,,,,,,,森野光,,,,,,,http://travelmate.jp/katayama.htm,2015-05-27,ShiftJIS,JIS X 0208,7
000819,田森くんは西へ,たもりくんはにしへ,たもりくんはにしへ,,,,,NDC 290 915 916,新字新仮名,あり,2000-05-27,2015-05-27,https://www.aozora.gr.jp/cards/000079/card819.html,000079,森野,光,もりの,みつる,もりの,みつる,Morino,Mitsuru,著者,,,あり,,,,,,,,,,,,,,,,,森野光,,,,,,,http://travelmate.jp/tamori.htm,2015-05-27,ShiftJIS,JIS X 0208,6
000846,トラベルメイト９５・トラベルメイト９８,トラベルメイトきゅうじゅうご・トラベルメイトきゅうじゅうはち,とらへるめいときゆうしゆうことらへるめいときゆうしゆうはち,,,,,NDC 290 914,新字新仮名,あり,2000-05-27,2015-05-27,https://www.aozora.gr.jp/cards/000079/card846.html,000079,森野,光,もりの,みつる,もりの,みつる,Morino,Mitsuru,著者,,,あり,,,,,,,,,,,,,,,,,森野光,,,,,,,http://travelmate.jp/tm95.htm,2015-05-27,ShiftJIS,JIS X 0208,6
000227,伽藍とバザール,がらんとバザール,からんとはさある,,,The Cathedral and the Bazaar,,NDC 007,新字新仮名,あり,1999-04-16,2014-09-17,https://www.aozora.gr.jp/cards/000029/card227.html,000030,山形,浩生,やまがた,ひろお,やまかた,ひろお,Yamagata,Hiroo,翻訳者,,,あり,,,,,,,,,,,,,,,,,山形浩生,,,,,,,http://cruel.org/freeware/cathedral.html,1999-04-16,ShiftJIS,JIS X 0208,0
000648,ノウアスフィアの開墾,ノウアスフィアのかいこん,のうあすふいあのかいこん,,,Homesteading the Noosphere,,NDC 007,新字新仮名,あり,1999-04-16,2014-09-17,https://www.aozora.gr.jp/cards/000029/card648.html,000030,山形,浩生,やまがた,ひろお,やまかた,ひろお,Yamagata,Hiroo,翻訳者,,,あり,,,,,,,,,,,,,,,,,山形浩生,,,,,,,http://cruel.org/freeware/noosphere.html,1999-04-16,ShiftJIS,JIS X 0208,0
000537,魔法のおなべ,まほうのおなべ,まほうのおなへ,,,The Magic Cauldron,,NDC 007,新字新仮名,あり,1999-10-08,2014-09-17,https://www.aozora.gr.jp/cards/000029/card537.html,000030,山形,浩生,やまがた,ひろお,やまかた,ひろお,Yamagata,Hiroo,翻訳者,,,あり,,,,,,,,,,,,,,,,,山形浩生,,,,,,,http://cruel.org/freeware/magicpot.html,1999-10-08,ShiftJIS,JIS X 0208,0
000993,窓の外,まどのそと,まとのそと,,,,,NDC 913,新字新仮名,あり,2000-03-16,2014-09-17,https://www.aozora.gr.jp/cards/000198/card993.html,000198,山本,洋,やまもと,ひろし,やまもと,ひろし,Yamamoto,Hiroshi,著者,1956,,あり,,,,,,,,,,,,,,,,,山本洋,,,,,,,http://www.cityfujisawa.ne.jp/~yow33des/mado.htm,2005-09-11,ShiftJIS,JIS X 0208,1
000995,メロディー,メロディー,めろていい,,,,,NDC 913,新字新仮名,あり,2000-03-16,2014-09-17,https://www.aozora.gr.jp/cards/000198/card995.html,000198,山本,洋,やまもと,ひろし,やまもと,ひろし,Yamamoto,Hiroshi,著者,1956,,あり,,,,,,,,,,,,,,,,,山本洋,,,,,,,http://www.cityfujisawa.ne.jp/~yow33des/melody.htm,2005-09-11,ShiftJIS,JIS X 0208,1
000968,ヘミングバードの囁き,ヘミングバードのささやき,へみんくはあとのささやき,,,,,NDC 159,新字新仮名,あり,1997-09-30,2014-09-17,https://www.aozora.gr.jp/cards/000191/card968.html,000191,山本,光夫,やまもと,みつお,やまもと,みつお,Yamamoto,Mitsuo,著者,1959,,あり,,,,,,,,,,,,,,,,,山本光夫,,,,,,,http://www.gift-box.co.jp/hemming/,2002-11-16,ShiftJIS,JIS X 0208,1
061551,官僚は減るべし、役人は増えるべし,かんりょうはへるべし、やくにんはふえるべし,かんりようはへるへしやくにんはふえるへし,,,官吏は減るべく役人は増すべきの説,「世益雑誌　三号」1880（明治13）年10月24日,NDC 317,新字新仮名,あり,2022-07-15,2022-06-25,https://www.aozora.gr.jp/cards/002225/card61551.html,002226,山本,泰弘,やまもと,やすひろ,やまもと,やすひろ,Yamamoto,Yasuhiro,翻訳者,,,あり,植木枝盛集〈第三巻〉,岩波書店,1990（平成2）年5月28日,1990（平成2）年5月28日第1刷,,,,,,,,,,,,,山本泰弘,,,,,,,http://minken.party/2019/03/09/yakunin/,2022-04-20,UTF-8,Unicode,0
061392,東洋大日本国国憲案（日本国国憲案）,とうようだいにほんこくこっけんあん（にほんこくこっけんあん）,とうようたいにほんこくこつけんあんにほんこくこつけんあん,,,東洋大日本国国憲案（日本国国憲案）,,NDC 323,新字新仮名,あり,2022-05-03,2022-04-26,https://www.aozora.gr.jp/cards/002225/card61392.html,002226,山本,泰弘,やまもと,やすひろ,やまもと,やすひろ,Yamamoto,Yasuhiro,翻訳者,,,あり,植木枝盛集　第六巻,岩波書店,1991（平成3）年3月28日,1991（平成3）年3月28日第1刷,,,,,,,,,,,,,山本泰弘,,,,,,,http://minken.party/2017/04/27/remaster01/,2022-02-08,UTF-8,Unicode,0
061293,人をサル化する政府,ひとをサルかするせいふ,ひとをさるかするせいふ,,,猿人君主（猿人政府）,「郵便報知新聞」1876（明治9）年2月15日,NDC 312,新字新仮名,あり,2022-01-23,2021-12-26,https://www.aozora.gr.jp/cards/002225/card61293.html,002226,山本,泰弘,やまもと,やすひろ,やまもと,やすひろ,Yamamoto,Yasuhiro,翻訳者,,,あり,植木枝盛集〈第三巻〉,岩波書店,1990（平成2）年5月28日,1990（平成2）年5月28日第1刷,,,,,,,,,,,,,山本泰弘,,,,,,,http://minken.party/2019/01/20/saru/,2021-12-01,UTF-8,Unicode,0
002276,『清貧譚』英訳版　A Tale of Honorable Poverty,『せいひんたん』えいやくばん　ア　テイル　オブ　オノラブル　ポバティ,せいひんたんえいやくはんあているおふおのらふるほはてい,,,,,NDC 913,その他,あり,2000-01-03,2014-09-17,https://www.aozora.gr.jp/cards/000035/card2276.html,000100,山本,ゆうじ,やまもと,ゆうじ,やまもと,ゆうし,Yamamoto,Yuji,翻訳者,,,あり,太宰治全集　第四巻,筑摩書房,1989年,,,,,,,,,,,,,,,,http://cosmoshouse.com/works/,2004-12-02,ShiftJIS,JIS X 0208,1,http://cosmoshouse.com/works/,2004-12-02,ShiftJIS,JIS X 0208,1
000004,日常生活の美学－モダニズムと『いき』,にちじょうせいかつのびがく－モダニズムと『いき』,にちしようせいかつのひかくもたにすむといき,,,,,NDC 701,新字新仮名,あり,2000-01-20,2014-09-17,https://www.aozora.gr.jp/cards/000100/card4.html,000100,山本,ゆうじ,やまもと,ゆうじ,やまもと,ゆうし,Yamamoto,Yuji,著者,,,あり,,,,,,,,,,,,,,,,,山本ゆうじ,,,,,,,http://cosmoshouse.com/works/papers/aes-every-j.htm,2009-11-28,ShiftJIS,JIS X 0208,2
004828,魔女のパン,まじょのパン,ましよのはん,,,Witches' Loaves,,NDC K933,新字新仮名,あり,2002-10-16,2014-09-17,https://www.aozora.gr.jp/cards/000097/card4828.html,000100,山本,ゆうじ,やまもと,ゆうじ,やまもと,ゆうし,Yamamoto,Yuji,翻訳者,,,あり,,,,,,,,,,,,,,,,,,,http://cosmoshouse.com/works/loaves/loaves.zip,2009-11-28,ShiftJIS,JIS X 0208,2,http://cosmoshouse.com/works/loaves/loaves.htm,2009-11-28,ShiftJIS,JIS X 0208,2
000535,まだらの紐をめぐる冒険,まだらのひもをめぐるぼうけん,またらのひもをめくるほうけん,,,The Adventure of the Speckled Band,,NDC K933,新字新仮名,あり,2000-03-02,2014-09-17,https://www.aozora.gr.jp/cards/000009/card535.html,000100,山本,ゆうじ,やまもと,ゆうじ,やまもと,ゆうし,Yamamoto,Yuji,翻訳者,,,あり,,,,,,,,,,,,,,,,,,,,,,,,http://cosmoshouse.com/works/speckled/madara.htm,2009-11-28,ShiftJIS,JIS X 0208,2
000608,モウグリの兄弟たち,モウグリのきょうだいたち,もうくりのきようたいたち,,,Mowgri's Brothers,,NDC K933,新字新仮名,あり,2000-04-21,2014-09-17,https://www.aozora.gr.jp/cards/000114/card608.html,000100,山本,ゆうじ,やまもと,ゆうじ,やまもと,ゆうし,Yamamoto,Yuji,翻訳者,,,あり,"""The Project Gutenberg Etext of The Jungle Book by Kipling"" Jnglb10.zip および Rudyard Kipling, ""The Jungle Books,"" Penguin Polular Classics ed.,London: Penguin Books, 1994, First published in 1894.",,,,,,,,,,,,,,,,,,http://cosmoshouse.com/works/jungle/jungle.zip,2009-11-28,ShiftJIS,JIS X 0208,3,http://cosmoshouse.com/works/jungle/jungle.htm,2009-11-28,ShiftJIS,JIS X 0208,4
000536,賢者の贈り物,けんじゃのおくりもの,けんしやのおくりもの,,,The Gift of Magi,,NDC K933,新字新仮名,あり,1999-12-09,2014-09-17,https://www.aozora.gr.jp/cards/000097/card536.html,000098,結城,浩,ゆうき,ひろし,ゆうき,ひろし,Yuki,Hiroshi,翻訳者,1963,,あり,,,,,,,,,,,,,,,,,結城浩,,,,,,,http://www.hyuki.com/trans/magi.html,1999-12-09,ShiftJIS,JIS X 0208,0
002232,幸福の王子,こうふくのおうじ,こうふくのおうし,,,The Happy Prince,,NDC K933,新字新仮名,あり,2000-11-01,2014-09-17,https://www.aozora.gr.jp/cards/000332/card2232.html,000098,結城,浩,ゆうき,ひろし,ゆうき,ひろし,Yuki,Hiroshi,翻訳者,1963,,あり,,,,,,,,,,,,,,,,,結城浩,,,,,,,http://www.hyuki.com/trans/prince.html,2000-11-01,ShiftJIS,JIS X 0208,0
000532,最後の一枚の葉,さいごのいちまいのは,さいこのいちまいのは,,,The Last Leaf,,NDC K933,新字新仮名,あり,2000-01-11,2014-09-17,https://www.aozora.gr.jp/cards/000097/card532.html,000098,結城,浩,ゆうき,ひろし,ゆうき,ひろし,Yuki,Hiroshi,翻訳者,1963,,あり,,,,,,,,,,,,,,,,,結城浩,,,,,,,http://www.hyuki.com/trans/leaf.html,2000-01-11,ShiftJIS,JIS X 0208,0
002248,自由か著作権か？,じゆうかちょさくけんか？,しゆうかちよさくけんか,,,Freedom-Or Copyright?,,NDC 007 021,新字新仮名,あり,2000-11-03,2014-09-17,https://www.aozora.gr.jp/cards/000335/card2248.html,000098,結城,浩,ゆうき,ひろし,ゆうき,ひろし,Yuki,Hiroshi,翻訳者,1963,,あり,,,,,,,,,,,,,,,,,結城浩,,,,,,,http://www.hyuki.com/gnu/frcp.html,2000-11-03,ShiftJIS,JIS X 0208,0
002247,マッチ売りの少女,マッチうりのしょうじょ,まつちうりのしようしよ,,,The Little Match Girl,,NDC K949,新字新仮名,あり,2000-11-02,2014-09-17,https://www.aozora.gr.jp/cards/000019/card2247.html,000098,結城,浩,ゆうき,ひろし,ゆうき,ひろし,Yuki,Hiroshi,翻訳者,1963,,あり,,,,,,,,,,,,,,,,,結城浩,,,,,,,http://www.hyuki.com/trans/match.html,2000-11-02,ShiftJIS,JIS X 0208,0
002292,マルチン・ルターの小信仰問答書,マルチン・ルターのしょうしんこうもんどうしょ,まるちんるたあのしようしんこうもんとうしよ,,,Luthers Little InstructionBook(The Small Catechism of Martin Luther),,NDC 198,新字新仮名,あり,2000-05-12,2014-09-17,https://www.aozora.gr.jp/cards/000339/card2292.html,000098,結城,浩,ゆうき,ひろし,ゆうき,ひろし,Yuki,Hiroshi,翻訳者,1963,,あり,,,,,,,,,,,,,,,,,結城浩,,,,,,,http://www.hyuki.com/trans/smallct.html,2000-05-12,ShiftJIS,JIS X 0208,0
002233,わがままな大男,わがままなおおおとこ,わかままなおおおとこ,,,The Selfish Giant,,NDC 933,新字新仮名,あり,2000-11-01,2014-09-17,https://www.aozora.gr.jp/cards/000332/card2233.html,000098,結城,浩,ゆうき,ひろし,ゆうき,ひろし,Yuki,Hiroshi,翻訳者,1963,,あり,,,,,,,,,,,,,,,,,結城浩,,,,,,,http://www.hyuki.com/trans/selfish.html,2000-11-01,ShiftJIS,JIS X 0208,0
000362,源氏物語,げんじものがたり,けんしものかたり,,,,,NDC 913,新字新仮名,なし,1998-07-21,2014-09-17,https://www.aozora.gr.jp/cards/000052/card362.html,000885,与謝野,晶子,よさの,あきこ,よさの,あきこ,Yosano,Akiko,翻訳者,1878-12-07,1942-05-29,なし,日本文学全集2、3,河出書房,,,,,,,,,,,,,,,長谷悟,,,,,,,http://attic.neophilia.co.jp/aozora/genjimonogatari/htmlfiles/index.html,1998-07-21,ShiftJIS,JIS X 0208,0
000547,みだれ髪（昭和8年）,みだれがみ（しょうわはちねん）,みたれかみしようわはちねん,,,,,NDC 911,旧字旧仮名,なし,1997-07-07,2014-09-17,https://www.aozora.gr.jp/cards/000885/card547.html,000885,与謝野,晶子,よさの,あきこ,よさの,あきこ,Yosano,Akiko,著者,1878-12-07,1942-05-29,なし,與謝野晶子全集　第一卷,改造社,1933（昭和8）年9月12日,,,,,,,,,,,,,,岡島昭浩,,http://www.let.osaka-u.ac.jp/~okajima/bungaku.htm,2003-03-01,ShiftJIS,JIS X 0208,1,,,,,
000548,みだれ髪（明治34年）,みだれがみ（めいじさんじゅうよねん）,みたれかみめいしさんしゆうよねん,,,,,NDC 911,旧字旧仮名,なし,1997-07-07,2014-09-17,https://www.aozora.gr.jp/cards/000885/card548.html,000885,与謝野,晶子,よさの,あきこ,よさの,あきこ,Yosano,Akiko,著者,1878-12-07,1942-05-29,なし,みだれ髪,名著複刻全集、近代文学館,1968（昭和43）年12月,,,,,,,,,,,,,,岡島昭浩,,http://www.let.osaka-u.ac.jp/~okajima/bungaku.htm,2003-03-01,ShiftJIS,JIS X 0208,1,,,,,
058044,天涯から来たる色,てんがいからきたるいろ,てんかいからきたるいろ,,,The Colour Out of Space,,NDC 933,新字新仮名,あり,2017-03-15,2017-01-20,https://www.aozora.gr.jp/cards/001699/card58044.html,001699,ラヴクラフト,ハワード・フィリップス,ラヴクラフト,ハワード・フィリップス,らうくらふと,はわあとふいりつふす,Lovecraft,Howard Phillips,著者,1890-08-20,1937-03-15,なし,,,,,,,,,,,,,,,,,枯葉,,"http://www1.bbiq.jp/kareha/trans/txt/colour_out_of_space,_the.zip",2016-08-24,ShiftJIS,JIS X 0208,0,"http://www1.bbiq.jp/kareha/trans/html/colour_out_of_space,_the.html",2016-08-24,UTF-8,Unicode,0
002258,お日様のあるうちに,おひさまのあるうちに,おひさまのあるうちに,,,While the Sun Shines,,NDC 932,新字新仮名,あり,1999-06-07,2014-09-17,https://www.aozora.gr.jp/cards/000336/card2258.html,000336,ラティガン,テレンス,ラティガン,テレンス,らていかん,てれんす,Rattigan,Terence,著者,1911-06-10,1977-11-30,あり,,,,,,,,,,,,,,,,,能美武功,,,,,,,http://www.01.246.ne.jp/~tnoumi/noumi1/eng.html,1999-06-07,ShiftJIS,JIS X 0208,0
002260,蠱惑草,こわくそう,こわくそう,,,Love in Idleness,,NDC 932,新字新仮名,あり,1999-06-12,2014-09-17,https://www.aozora.gr.jp/cards/000336/card2260.html,000336,ラティガン,テレンス,ラティガン,テレンス,らていかん,てれんす,Rattigan,Terence,著者,1911-06-10,1977-11-30,あり,,,,,,,,,,,,,,,,,能美武功,,,,,,,http://www.01.246.ne.jp/~tnoumi/noumi1/eng.html,1999-06-12,ShiftJIS,JIS X 0208,0
002268,シルヴィアって誰？,シルヴィアってだれ？,しるういあつてたれ,,,,,NDC 932,新字新仮名,あり,1999-06-19,2014-09-17,https://www.aozora.gr.jp/cards/000336/card2268.html,000336,ラティガン,テレンス,ラティガン,テレンス,らていかん,てれんす,Rattigan,Terence,著者,1911-06-10,1977-11-30,あり,,,,,,,,,,,,,,,,,能美武功,,,,,,,http://www.01.246.ne.jp/~tnoumi/noumi1/eng.html,1999-06-19,ShiftJIS,JIS X 0208,0
002283,椿姫,つばきひめ,つはきひめ,,,Variation on a Theme,,NDC 932,新字新仮名,あり,1999-08-19,2014-09-17,https://www.aozora.gr.jp/cards/000336/card2283.html,000336,ラティガン,テレンス,ラティガン,テレンス,らていかん,てれんす,Rattigan,Terence,著者,1911-06-10,1977-11-30,あり,,,,,,,,,,,,,,,,,能美武功,,,,,,,http://www.01.246.ne.jp/~tnoumi/noumi1/eng.html,1999-08-19,ShiftJIS,JIS X 0208,0
002286,涙なしのフランス語,なみだなしのフランスご,なみたなしのふらんすこ,,,French without Tears,,NDC 932,新字新仮名,あり,1999-05-20,2014-09-17,https://www.aozora.gr.jp/cards/000336/card2286.html,000336,ラティガン,テレンス,ラティガン,テレンス,らていかん,てれんす,Rattigan,Terence,著者,1911-06-10,1977-11-30,あり,,,,,,,,,,,,,,,,,能美武功,,,,,,,http://www.01.246.ne.jp/~tnoumi/noumi1/eng.html,1999-05-20,ShiftJIS,JIS X 0208,0
002287,眠りの森の王子,ねむりのもりのおうじ,ねむりのもりのおうし,,,The Sleeping Prince,,NDC 932,新字新仮名,あり,1999-07-07,2014-09-17,https://www.aozora.gr.jp/cards/000336/card2287.html,000336,ラティガン,テレンス,ラティガン,テレンス,らていかん,てれんす,Rattigan,Terence,著者,1911-06-10,1977-11-30,あり,,,,,,,,,,,,,,,,,能美武功,,,,,,,http://www.01.246.ne.jp/~tnoumi/noumi1/eng.html,1999-07-07,ShiftJIS,JIS X 0208,0
002290,深く青い海,ふかくあおいうみ,ふかくあおいうみ,,,Deep Blue Sea,,NDC 932,新字新仮名,あり,1999-06-25,2014-09-17,https://www.aozora.gr.jp/cards/000336/card2290.html,000336,ラティガン,テレンス,ラティガン,テレンス,らていかん,てれんす,Rattigan,Terence,著者,1911-06-10,1977-11-30,あり,,,,,,,,,,,,,,,,,能美武功,,,,,,,http://www.01.246.ne.jp/~tnoumi/noumi1/eng.html,1999-06-25,ShiftJIS,JIS X 0208,0
002291,炎の道,ほのおのみち,ほのおのみち,,,Flare Path,,NDC 932,新字新仮名,あり,1999-05-27,2014-09-17,https://www.aozora.gr.jp/cards/000336/card2291.html,000336,ラティガン,テレンス,ラティガン,テレンス,らていかん,てれんす,Rattigan,Terence,著者,1911-06-10,1977-11-30,あり,,,,,,,,,,,,,,,,,能美武功,,,,,,,http://www.01.246.ne.jp/~tnoumi/noumi1/eng.html,1999-05-27,ShiftJIS,JIS X 0208,0
002293,銘々のテーブル,めいめいのテーブル,めいめいのてえふる,,,The Separate Tables,,NDC 932,新字新仮名,あり,1999-07-21,2014-09-17,https://www.aozora.gr.jp/cards/000336/card2293.html,000336,ラティガン,テレンス,ラティガン,テレンス,らていかん,てれんす,Rattigan,Terence,著者,1911-06-10,1977-11-30,あり,,,,,,,,,,,,,,,,,能美武功,,,,,,,http://www.01.246.ne.jp/~tnoumi/noumi1/eng.html,1999-07-21,ShiftJIS,JIS X 0208,0
054928,サンタクロースがやってきた,サンタクロースがやってきた,さんたくろおすかやつてきた,,,ACCOUNT OF VISIT FROM ST. NICHOLAS,,NDC K726,新字新仮名,あり,2012-04-25,2022-04-21,https://www.aozora.gr.jp/cards/001688/card54928.html,001688,リヴィングストン・ジュニア,ヘンリー,リヴィングストン・ジュニア,ヘンリー,りういんくすとんしゆにあ,へんりい,"Livingston, Jr.",Henry,著者,1748-10-13,1828-02-29,なし,,,,,,,,,,,,,,,,,大久保ゆう,,https://www.aozora.gr.jp/cards/001688/files/54928_txt_53429.zip,2014-05-03,ShiftJIS,JIS X 0208,0,https://puboo.jp/book/39346,2022-04-21,UTF-8,Unicode,1
060545,リンカーン　ゲティスバーグ演説,リンカーン　ゲティスバーグえんぜつ,りんかあんけていすはあくえんせつ,1863.11.19　アメリカ　ペンシルバニア ゲティスバーグ近くの戦場にて,1863.11.19　アメリカ　ペンシルバニア ゲティスバーグちかくのせんじょうにて,,,NDC 253 312,新字新仮名,あり,2020-11-19,2020-10-25,https://www.aozora.gr.jp/cards/002161/card60545.html,002161,リンカーン,エイブラハム,リンカーン,エイブラハム,りんかあん,えいふらはむ,Lincoln,Abraham,著者,1809-02-12,1865-04-15,なし,,,,,,,,,,,,,,,,,加藤　光一,,https://mega.nz/file/qoVFjQKD#aeJGvJ7X_Uo_j6vTVhfCptc9bVZShTeJxBqBaMZvBUs,2020-04-13,UTF-8,Unicode,0,,,,,
060546,リンカーン大統領第一期就任演説　1861年３月４日月曜日,リンカーンだいとうりょうだいいっきしゅうにんえんぜつ　せんはっぴゃくろくじゅういちねんさんがつよっかげつようび,りんかあんたいとうりようたいいつきしゆうにんえんせつせんはつひやくろくしゆういちねんさんかつよつかけつようひ,,,,,NDC 253 312,新字新仮名,あり,2021-03-04,2021-02-25,https://www.aozora.gr.jp/cards/002161/card60546.html,002161,リンカーン,エイブラハム,リンカーン,エイブラハム,りんかあん,えいふらはむ,Lincoln,Abraham,著者,1809-02-12,1865-04-15,なし,,,,,,,,,,,,,,,,,加藤　光一,,https://mega.nz/file/XwFRBSbI#kj-uVT9dAfxW_djrtLu2uM2JsgtEjG0sgR_jjhmyttk,2020-04-13,UTF-8,Unicode,0,,,,,
060547,リンカーン大統領第二期就任演説　1865年３月４日,リンカーンだいとうりょうだいにきしゅうにんえんぜつ　せんはっぴゃくろくじゅうごねんさんがつよっか,りんかあんたいとうりようたいにきしゆうにんえんせつせんはつひやくろくしゆうこねんさんかつよつか,,,,,NDC 253 312,新字新仮名,あり,2021-03-04,2021-02-25,https://www.aozora.gr.jp/cards/002161/card60547.html,002161,リンカーン,エイブラハム,リンカーン,エイブラハム,りんかあん,えいふらはむ,Lincoln,Abraham,著者,1809-02-12,1865-04-15,なし,,,,,,,,,,,,,,,,,加藤　光一,,https://mega.nz/file/z4MVTSoR#TajX5MZvymNPfxGv1YO1YfkUNme3Nb6Ojyu1ceEMUZI,2020-04-13,UTF-8,Unicode,0,,,,,
002292,マルチン・ルターの小信仰問答書,マルチン・ルターのしょうしんこうもんどうしょ,まるちんるたあのしようしんこうもんとうしよ,,,Luthers Little InstructionBook(The Small Catechism of Martin Luther),,NDC 198,新字新仮名,あり,2000-05-12,2014-09-17,https://www.aozora.gr.jp/cards/000339/card2292.html,000339,ルター,マルチン,ルター,マルチン,るたあ,まるちん,Luther,Martin,著者,1483-11-10,1546-02-18,なし,,,,,,,,,,,,,,,,,結城浩,,,,,,,http://www.hyuki.com/trans/smallct.html,2000-05-12,ShiftJIS,JIS X 0208,0
000227,伽藍とバザール,がらんとバザール,からんとはさある,,,The Cathedral and the Bazaar,,NDC 007,新字新仮名,あり,1999-04-16,2014-09-17,https://www.aozora.gr.jp/cards/000029/card227.html,000029,レイモンド ,エリック,レイモンド ,エリック,れいもんと,えりつく,Raymond,Eric,著者,,,あり,,,,,,,,,,,,,,,,,山形浩生,,,,,,,http://cruel.org/freeware/cathedral.html,1999-04-16,ShiftJIS,JIS X 0208,0
000648,ノウアスフィアの開墾,ノウアスフィアのかいこん,のうあすふいあのかいこん,,,Homesteading the Noosphere,,NDC 007,新字新仮名,あり,1999-04-16,2014-09-17,https://www.aozora.gr.jp/cards/000029/card648.html,000029,レイモンド ,エリック,レイモンド ,エリック,れいもんと,えりつく,Raymond,Eric,著者,,,あり,,,,,,,,,,,,,,,,,山形浩生,,,,,,,http://cruel.org/freeware/noosphere.html,1999-04-16,ShiftJIS,JIS X 0208,0
000537,魔法のおなべ,まほうのおなべ,まほうのおなへ,,,The Magic Cauldron,,NDC 007,新字新仮名,あり,1999-10-08,2014-09-17,https://www.aozora.gr.jp/cards/000029/card537.html,000029,レイモンド ,エリック,レイモンド ,エリック,れいもんと,えりつく,Raymond,Eric,著者,,,あり,,,,,,,,,,,,,,,,,山形浩生,,,,,,,http://cruel.org/freeware/magicpot.html,1999-10-08,ShiftJIS,JIS X 0208,0
002232,幸福の王子,こうふくのおうじ,こうふくのおうし,,,The Happy Prince,,NDC K933,新字新仮名,あり,2000-11-01,2014-09-17,https://www.aozora.gr.jp/cards/000332/card2232.html,000332,ワイルド,オスカー,ワイルド,オスカー,わいると,おすかあ,Wilde,Oscar,著者,1854-10-16,1900-11-30,なし,,,,,,,,,,,,,,,,,結城浩,,,,,,,http://www.hyuki.com/trans/prince.html,2000-11-01,ShiftJIS,JIS X 0208,0
002233,わがままな大男,わがままなおおおとこ,わかままなおおおとこ,,,The Selfish Giant,,NDC 933,新字新仮名,あり,2000-11-01,2014-09-17,https://www.aozora.gr.jp/cards/000332/card2233.html,000332,ワイルド,オスカー,ワイルド,オスカー,わいると,おすかあ,Wilde,Oscar,著者,1854-10-16,1900-11-30,なし,,,,,,,,,,,,,,,,,結城浩,,,,,,,http://www.hyuki.com/trans/selfish.html,2000-11-01,ShiftJIS,JIS X 0208,0
